,Areaname,Land Area (sq. mi)
01001,"Autauga, AL",594.44
01003,"Baldwin, AL",1589.78
01005,"Barbour, AL",884.88
01007,"Bibb, AL",622.58
01009,"Blount, AL",644.78
01011,"Bullock, AL",622.81
01013,"Butler, AL",776.83
01015,"Calhoun, AL",605.87
01017,"Chambers, AL",596.53
01019,"Cherokee, AL",553.7
01021,"Chilton, AL",692.85
01023,"Choctaw, AL",913.5
01025,"Clarke, AL",1238.47
01027,"Clay, AL",603.96
01029,"Cleburne, AL",560.1
01031,"Coffee, AL",678.97
01033,"Colbert, AL",592.62
01035,"Conecuh, AL",850.16
01037,"Coosa, AL",650.93
01039,"Covington, AL",1030.46
01041,"Crenshaw, AL",608.84
01043,"Cullman, AL",734.84
01045,"Dale, AL",561.15
01047,"Dallas, AL",978.7
01049,"DeKalb, AL",777.09
01051,"Elmore, AL",618.49
01053,"Escambia, AL",945.08
01055,"Etowah, AL",534.99
01057,"Fayette, AL",627.66
01059,"Franklin, AL",633.82
01061,"Geneva, AL",574.41
01063,"Greene, AL",647.11
01065,"Hale, AL",643.94
01067,"Henry, AL",561.75
01069,"Houston, AL",579.82
01071,"Jackson, AL",1077.87
01073,"Jefferson, AL",1111.28
01075,"Lamar, AL",604.85
01077,"Lauderdale, AL",667.7
01079,"Lawrence, AL",690.68
01081,"Lee, AL",607.54
01083,"Limestone, AL",559.94
01085,"Lowndes, AL",715.91
01087,"Macon, AL",608.89
01089,"Madison, AL",801.59
01091,"Marengo, AL",976.88
01093,"Marion, AL",742.29
01095,"Marshall, AL",565.84
01097,"Mobile, AL",1229.44
01099,"Monroe, AL",1025.68
01101,"Montgomery, AL",784.25
01103,"Morgan, AL",579.34
01105,"Perry, AL",719.66
01107,"Pickens, AL",881.41
01109,"Pike, AL",672.09
01111,"Randolph, AL",580.55
01113,"Russell, AL",641.14
01115,"St. Clair, AL",631.9
01117,"Shelby, AL",784.93
01119,"Sumter, AL",903.89
01121,"Talladega, AL",736.78
01123,"Tallapoosa, AL",716.52
01125,"Tuscaloosa, AL",1321.76
01127,"Walker, AL",791.19
01129,"Washington, AL",1080.21
01131,"Wilcox, AL",888.5
01133,"Winston, AL",612.98
02013,"Aleutians East, AK",6981.94
02016,"Aleutians West, AK",4390.28
02020,"Anchorage, AK",1704.68
02050,"Bethel, AK",40570.0
02060,"Bristol Bay, AK",503.84
02068,"Denali, AK",12751.41
02070,"Dillingham, AK",18568.78
02090,"Fairbanks North Star, AK",7338.21
02100,"Haines, AK",2318.6
02105,"Hoonah-Angoon, AK",7524.92
02110,"Juneau, AK",2701.93
02122,"Kenai Peninsula, AK",16075.33
02130,"Ketchikan Gateway, AK",4858.41
02150,"Kodiak Island, AK",6549.58
02164,"Lake and Peninsula, AK",23652.01
02170,"Matanuska-Susitna, AK",24607.9
02180,"Nome, AK",22961.76
02185,"North Slope, AK",88695.41
02188,"Northwest Arctic, AK",35572.58
02195,"Petersburg, AK",3281.98
02198,"Prince of Wales-Hyder, AK",3922.87
02220,"Sitka, AK",2870.34
02230,"Skagway, AK",452.33
02240,"Southeast Fairbanks, AK",24768.81
02261,"Valdez-Cordova, AK",34239.88
02158,"Wade Hampton, AK",17081.43
02275,"Wrangell, AK",2541.48
02282,"Yakutat, AK",7649.46
02290,"Yukon-Koyukuk, AK",145504.79
04001,"Apache, AZ",11197.52
04003,"Cochise, AZ",6165.69
04005,"Coconino, AZ",18618.89
04007,"Gila, AZ",4757.93
04009,"Graham, AZ",4622.6
04011,"Greenlee, AZ",1843.13
04012,"La Paz, AZ",4499.63
04013,"Maricopa, AZ",9200.14
04015,"Mohave, AZ",13311.08
04017,"Navajo, AZ",9950.42
04019,"Pima, AZ",9187.04
04021,"Pinal, AZ",5365.61
04023,"Santa Cruz, AZ",1236.92
04025,"Yavapai, AZ",8123.5
04027,"Yuma, AZ",5513.99
05001,"Arkansas, AR",988.77
05003,"Ashley, AR",925.35
05005,"Baxter, AR",554.28
05007,"Benton, AR",847.36
05009,"Boone, AR",590.23
05011,"Bradley, AR",649.23
05013,"Calhoun, AR",628.58
05015,"Carroll, AR",630.09
05017,"Chicot, AR",644.3
05019,"Clark, AR",866.07
05021,"Clay, AR",639.47
05023,"Cleburne, AR",553.69
05025,"Cleveland, AR",597.78
05027,"Columbia, AR",766.05
05029,"Conway, AR",552.25
05031,"Craighead, AR",707.21
05033,"Crawford, AR",593.09
05035,"Crittenden, AR",609.76
05037,"Cross, AR",616.38
05039,"Dallas, AR",667.39
05041,"Desha, AR",768.15
05043,"Drew, AR",828.36
05045,"Faulkner, AR",647.88
05047,"Franklin, AR",608.86
05049,"Fulton, AR",618.19
05051,"Garland, AR",677.78
05053,"Grant, AR",631.81
05055,"Greene, AR",577.7
05057,"Hempstead, AR",727.52
05059,"Hot Spring, AR",615.2
05061,"Howard, AR",588.55
05063,"Independence, AR",763.95
05065,"Izard, AR",580.58
05067,"Jackson, AR",633.94
05069,"Jefferson, AR",870.75
05071,"Johnson, AR",659.8
05073,"Lafayette, AR",528.27
05075,"Lawrence, AR",587.61
05077,"Lee, AR",602.62
05079,"Lincoln, AR",561.52
05081,"Little River, AR",532.25
05083,"Logan, AR",708.13
05085,"Lonoke, AR",770.73
05087,"Madison, AR",834.26
05089,"Marion, AR",597.01
05091,"Miller, AR",625.58
05093,"Mississippi, AR",900.57
05095,"Monroe, AR",607.12
05097,"Montgomery, AR",779.88
05099,"Nevada, AR",617.84
05101,"Newton, AR",820.9
05103,"Ouachita, AR",732.78
05105,"Perry, AR",551.4
05107,"Phillips, AR",695.66
05109,"Pike, AR",600.62
05111,"Poinsett, AR",758.39
05113,"Polk, AR",857.68
05115,"Pope, AR",812.55
05117,"Prairie, AR",647.96
05119,"Pulaski, AR",759.76
05121,"Randolph, AR",652.19
05123,"St. Francis, AR",634.77
05125,"Saline, AR",723.6
05127,"Scott, AR",892.32
05129,"Searcy, AR",666.1
05131,"Sebastian, AR",531.91
05133,"Sevier, AR",565.13
05135,"Sharp, AR",604.44
05137,"Stone, AR",606.41
05139,"Union, AR",1039.21
05141,"Van Buren, AR",708.14
05143,"Washington, AR",941.97
05145,"White, AR",1035.08
05147,"Woodruff, AR",586.79
05149,"Yell, AR",929.98
06001,"Alameda, CA",739.02
06003,"Alpine, CA",738.33
06005,"Amador, CA",594.58
06007,"Butte, CA",1636.46
06009,"Calaveras, CA",1020.01
06011,"Colusa, CA",1150.73
06013,"Contra Costa, CA",715.94
06015,"Del Norte, CA",1006.37
06017,"El Dorado, CA",1707.88
06019,"Fresno, CA",5957.99
06021,"Glenn, CA",1313.95
06023,"Humboldt, CA",3567.99
06025,"Imperial, CA",4176.6
06027,"Inyo, CA",10180.88
06029,"Kern, CA",8131.92
06031,"Kings, CA",1389.42
06033,"Lake, CA",1256.46
06035,"Lassen, CA",4541.18
06037,"Los Angeles, CA",4057.88
06039,"Madera, CA",2137.07
06041,"Marin, CA",520.31
06043,"Mariposa, CA",1448.82
06045,"Mendocino, CA",3506.34
06047,"Merced, CA",1934.97
06049,"Modoc, CA",3917.77
06051,"Mono, CA",3048.98
06053,"Monterey, CA",3280.6
06055,"Napa, CA",748.36
06057,"Nevada, CA",957.77
06059,"Orange, CA",790.57
06061,"Placer, CA",1407.01
06063,"Plumas, CA",2553.04
06065,"Riverside, CA",7206.48
06067,"Sacramento, CA",964.64
06069,"San Benito, CA",1388.71
06071,"San Bernardino, CA",20056.94
06073,"San Diego, CA",4206.63
06075,"San Francisco, CA",46.87
06077,"San Joaquin, CA",1391.32
06079,"San Luis Obispo, CA",3298.57
06081,"San Mateo, CA",448.41
06083,"Santa Barbara, CA",2735.09
06085,"Santa Clara, CA",1290.1
06087,"Santa Cruz, CA",445.17
06089,"Shasta, CA",3775.4
06091,"Sierra, CA",953.21
06093,"Siskiyou, CA",6277.89
06095,"Solano, CA",821.77
06097,"Sonoma, CA",1575.85
06099,"Stanislaus, CA",1494.83
06101,"Sutter, CA",602.41
06103,"Tehama, CA",2949.71
06105,"Trinity, CA",3179.25
06107,"Tulare, CA",4824.22
06109,"Tuolumne, CA",2220.88
06111,"Ventura, CA",1843.13
06113,"Yolo, CA",1014.69
06115,"Yuba, CA",631.84
08001,"Adams, CO",1167.65
08003,"Alamosa, CO",722.64
08005,"Arapahoe, CO",798.1
08007,"Archuleta, CO",1350.18
08009,"Baca, CO",2554.97
08011,"Bent, CO",1512.86
08013,"Boulder, CO",726.29
08014,"Broomfield, CO",33.03
08015,"Chaffee, CO",1013.4
08017,"Cheyenne, CO",1778.28
08019,"Clear Creek, CO",395.23
08021,"Conejos, CO",1287.39
08023,"Costilla, CO",1226.95
08025,"Crowley, CO",787.42
08027,"Custer, CO",738.63
08029,"Delta, CO",1142.05
08031,"Denver, CO",153.0
08033,"Dolores, CO",1067.05
08035,"Douglas, CO",840.25
08037,"Eagle, CO",1684.53
08039,"Elbert, CO",1850.85
08041,"El Paso, CO",2126.8
08043,"Fremont, CO",1533.07
08045,"Garfield, CO",2947.56
08047,"Gilpin, CO",149.9
08049,"Grand, CO",1846.33
08051,"Gunnison, CO",3239.1
08053,"Hinsdale, CO",1117.25
08055,"Huerfano, CO",1591.0
08057,"Jackson, CO",1613.72
08059,"Jefferson, CO",764.21
08061,"Kiowa, CO",1767.77
08063,"Kit Carson, CO",2160.82
08065,"Lake, CO",376.91
08067,"La Plata, CO",1692.08
08069,"Larimer, CO",2596.0
08071,"Las Animas, CO",4772.67
08073,"Lincoln, CO",2577.63
08075,"Logan, CO",1838.55
08077,"Mesa, CO",3328.97
08079,"Mineral, CO",875.67
08081,"Moffat, CO",4743.29
08083,"Montezuma, CO",2029.53
08085,"Montrose, CO",2240.7
08087,"Morgan, CO",1280.43
08089,"Otero, CO",1261.96
08091,"Ouray, CO",541.59
08093,"Park, CO",2193.85
08095,"Phillips, CO",687.93
08097,"Pitkin, CO",970.7
08099,"Prowers, CO",1638.4
08101,"Pueblo, CO",2386.1
08103,"Rio Blanco, CO",3220.93
08105,"Rio Grande, CO",911.96
08107,"Routt, CO",2362.03
08109,"Saguache, CO",3168.53
08111,"San Juan, CO",387.49
08113,"San Miguel, CO",1286.61
08115,"Sedgwick, CO",548.04
08117,"Summit, CO",608.36
08119,"Teller, CO",557.06
08121,"Washington, CO",2518.03
08123,"Weld, CO",3987.24
08125,"Yuma, CO",2364.41
09001,"Fairfield, CT",624.89
09003,"Hartford, CT",735.1
09005,"Litchfield, CT",920.56
09007,"Middlesex, CT",369.3
09009,"New Haven, CT",604.51
09011,"New London, CT",664.88
09013,"Tolland, CT",410.21
09015,"Windham, CT",512.91
10001,"Kent, DE",586.18
10003,"New Castle, DE",426.29
10005,"Sussex, DE",936.08
11001,District of Columbia,61.05
12001,"Alachua, FL",875.02
12003,"Baker, FL",585.23
12005,"Bay, FL",758.46
12007,"Bradford, FL",293.96
12009,"Brevard, FL",1015.66
12011,"Broward, FL",1209.79
12013,"Calhoun, FL",567.33
12015,"Charlotte, FL",680.28
12017,"Citrus, FL",581.7
12019,"Clay, FL",604.36
12021,"Collier, FL",1998.32
12023,"Columbia, FL",797.57
12027,"DeSoto, FL",637.06
12029,"Dixie, FL",705.05
12031,"Duval, FL",762.19
12033,"Escambia, FL",656.46
12035,"Flagler, FL",485.46
12037,"Franklin, FL",534.73
12039,"Gadsden, FL",516.33
12041,"Gilchrist, FL",349.68
12043,"Glades, FL",806.01
12045,"Gulf, FL",564.01
12047,"Hamilton, FL",513.79
12049,"Hardee, FL",637.78
12051,"Hendry, FL",1152.75
12053,"Hernando, FL",472.54
12055,"Highlands, FL",1016.62
12057,"Hillsborough, FL",1020.21
12059,"Holmes, FL",478.78
12061,"Indian River, FL",502.87
12063,"Jackson, FL",917.76
12065,"Jefferson, FL",598.1
12067,"Lafayette, FL",543.41
12069,"Lake, FL",938.38
12071,"Lee, FL",784.51
12073,"Leon, FL",666.85
12075,"Levy, FL",1118.21
12077,"Liberty, FL",835.56
12079,"Madison, FL",695.95
12081,"Manatee, FL",742.93
12083,"Marion, FL",1584.55
12085,"Martin, FL",543.46
12086,"Miami-Dade, FL",1897.72
12087,"Monroe, FL",983.28
12089,"Nassau, FL",648.64
12091,"Okaloosa, FL",930.25
12093,"Okeechobee, FL",768.91
12095,"Orange, FL",903.43
12097,"Osceola, FL",1327.45
12099,"Palm Beach, FL",1969.76
12101,"Pasco, FL",746.89
12103,"Pinellas, FL",273.8
12105,"Polk, FL",1797.84
12107,"Putnam, FL",727.62
12109,"St. Johns, FL",600.66
12111,"St. Lucie, FL",571.93
12113,"Santa Rosa, FL",1011.61
12115,"Sarasota, FL",555.87
12117,"Seminole, FL",309.22
12119,"Sumter, FL",546.93
12121,"Suwannee, FL",688.55
12123,"Taylor, FL",1043.31
12125,"Union, FL",243.56
12127,"Volusia, FL",1101.03
12129,"Wakulla, FL",606.42
12131,"Walton, FL",1037.63
12133,"Washington, FL",582.8
13001,"Appling, GA",507.08
13003,"Atkinson, GA",339.38
13005,"Bacon, GA",258.58
13007,"Baker, GA",341.94
13009,"Baldwin, GA",257.84
13011,"Banks, GA",232.09
13013,"Barrow, GA",160.31
13015,"Bartow, GA",459.54
13017,"Ben Hill, GA",250.12
13019,"Berrien, GA",451.9
13021,"Bibb, GA",249.76
13023,"Bleckley, GA",215.87
13025,"Brantley, GA",442.36
13027,"Brooks, GA",493.05
13029,"Bryan, GA",435.97
13031,"Bulloch, GA",672.81
13033,"Burke, GA",826.97
13035,"Butts, GA",184.39
13037,"Calhoun, GA",280.37
13039,"Camden, GA",613.03
13043,"Candler, GA",243.04
13045,"Carroll, GA",499.08
13047,"Catoosa, GA",162.16
13049,"Charlton, GA",773.58
13051,"Chatham, GA",426.44
13053,"Chattahoochee, GA",248.74
13055,"Chattooga, GA",313.34
13057,"Cherokee, GA",421.67
13059,"Clarke, GA",119.2
13061,"Clay, GA",195.38
13063,"Clayton, GA",141.57
13065,"Clinch, GA",800.22
13067,"Cobb, GA",339.55
13069,"Coffee, GA",575.1
13071,"Colquitt, GA",544.15
13073,"Columbia, GA",290.09
13075,"Cook, GA",227.16
13077,"Coweta, GA",440.89
13079,"Crawford, GA",324.89
13081,"Crisp, GA",272.58
13083,"Dade, GA",173.98
13085,"Dawson, GA",210.83
13087,"Decatur, GA",597.14
13089,"DeKalb, GA",267.58
13091,"Dodge, GA",495.89
13093,"Dooly, GA",391.94
13095,"Dougherty, GA",328.69
13097,"Douglas, GA",200.07
13099,"Early, GA",512.59
13101,"Echols, GA",414.89
13103,"Effingham, GA",477.7
13105,"Elbert, GA",351.06
13107,"Emanuel, GA",680.6
13109,"Evans, GA",182.85
13111,"Fannin, GA",386.72
13113,"Fayette, GA",194.34
13115,"Floyd, GA",509.91
13117,"Forsyth, GA",224.02
13119,"Franklin, GA",261.5
13121,"Fulton, GA",526.64
13123,"Gilmer, GA",426.54
13125,"Glascock, GA",143.74
13127,"Glynn, GA",419.75
13129,"Gordon, GA",355.81
13131,"Grady, GA",454.53
13133,"Greene, GA",387.44
13135,"Gwinnett, GA",430.38
13137,"Habersham, GA",276.74
13139,"Hall, GA",392.78
13141,"Hancock, GA",471.84
13143,"Haralson, GA",282.17
13145,"Harris, GA",463.87
13147,"Hart, GA",232.39
13149,"Heard, GA",296.03
13151,"Henry, GA",322.13
13153,"Houston, GA",375.54
13155,"Irwin, GA",354.34
13157,"Jackson, GA",339.66
13159,"Jasper, GA",368.17
13161,"Jeff Davis, GA",330.74
13163,"Jefferson, GA",526.49
13165,"Jenkins, GA",347.28
13167,"Johnson, GA",303.01
13169,"Jones, GA",393.93
13171,"Lamar, GA",183.5
13173,"Lanier, GA",185.26
13175,"Laurens, GA",807.3
13177,"Lee, GA",355.78
13179,"Liberty, GA",489.8
13181,"Lincoln, GA",210.38
13183,"Long, GA",400.29
13185,"Lowndes, GA",496.07
13187,"Lumpkin, GA",282.93
13189,"McDuffie, GA",257.46
13191,"McIntosh, GA",424.3
13193,"Macon, GA",400.64
13195,"Madison, GA",282.31
13197,"Marion, GA",366.0
13199,"Meriwether, GA",501.22
13201,"Miller, GA",282.42
13205,"Mitchell, GA",512.09
13207,"Monroe, GA",395.66
13209,"Montgomery, GA",239.52
13211,"Morgan, GA",347.35
13213,"Murray, GA",344.47
13215,"Muscogee, GA",216.39
13217,"Newton, GA",272.16
13219,"Oconee, GA",184.29
13221,"Oglethorpe, GA",439.01
13223,"Paulding, GA",312.22
13225,"Peach, GA",150.27
13227,"Pickens, GA",232.06
13229,"Pierce, GA",316.49
13231,"Pike, GA",216.09
13233,"Polk, GA",310.33
13235,"Pulaski, GA",249.03
13237,"Putnam, GA",344.64
13239,"Quitman, GA",151.24
13241,"Rabun, GA",369.99
13243,"Randolph, GA",428.24
13245,"Richmond, GA",324.33
13247,"Rockdale, GA",129.79
13249,"Schley, GA",166.91
13251,"Screven, GA",645.1
13253,"Seminole, GA",235.23
13255,"Spalding, GA",196.47
13257,"Stephens, GA",179.13
13259,"Stewart, GA",458.73
13261,"Sumter, GA",482.7
13263,"Talbot, GA",391.39
13265,"Taliaferro, GA",194.61
13267,"Tattnall, GA",479.4
13269,"Taylor, GA",376.69
13271,"Telfair, GA",437.3
13273,"Terrell, GA",335.44
13275,"Thomas, GA",544.6
13277,"Tift, GA",258.92
13279,"Toombs, GA",364.01
13281,"Towns, GA",166.56
13283,"Treutlen, GA",199.44
13285,"Troup, GA",413.99
13287,"Turner, GA",285.39
13289,"Twiggs, GA",358.4
13291,"Union, GA",321.93
13293,"Upson, GA",323.44
13295,"Walker, GA",446.38
13297,"Walton, GA",325.68
13299,"Ware, GA",892.46
13301,"Warren, GA",284.3
13303,"Washington, GA",678.45
13305,"Wayne, GA",641.78
13307,"Webster, GA",209.12
13309,"Wheeler, GA",295.48
13311,"White, GA",240.69
13313,"Whitfield, GA",290.46
13315,"Wilcox, GA",377.71
13317,"Wilkes, GA",469.49
13319,"Wilkinson, GA",447.31
13321,"Worth, GA",570.7
15001,"Hawaii, HI",4028.42
15003,"Honolulu, HI",600.74
15007,"Kauai, HI",619.96
15009,"Maui, HI",1161.52
16001,"Ada, ID",1052.58
16003,"Adams, ID",1363.06
16005,"Bannock, ID",1111.99
16007,"Bear Lake, ID",974.79
16009,"Benewah, ID",776.62
16011,"Bingham, ID",2093.98
16013,"Blaine, ID",2643.59
16015,"Boise, ID",1899.24
16017,"Bonner, ID",1734.57
16019,"Bonneville, ID",1866.08
16021,"Boundary, ID",1268.56
16023,"Butte, ID",2231.67
16025,"Camas, ID",1074.49
16027,"Canyon, ID",587.37
16029,"Caribou, ID",1764.15
16031,"Cassia, ID",2565.08
16033,"Clark, ID",1764.19
16035,"Clearwater, ID",2457.27
16037,"Custer, ID",4920.94
16039,"Elmore, ID",3074.74
16041,"Franklin, ID",663.65
16043,"Fremont, ID",1863.53
16045,"Gem, ID",560.9
16047,"Gooding, ID",728.97
16049,"Idaho, ID",8477.35
16051,"Jefferson, ID",1093.5
16053,"Jerome, ID",597.19
16055,"Kootenai, ID",1244.13
16057,"Latah, ID",1076.0
16059,"Lemhi, ID",4563.39
16061,"Lewis, ID",478.8
16063,"Lincoln, ID",1201.41
16065,"Madison, ID",469.21
16067,"Minidoka, ID",757.59
16069,"Nez Perce, ID",848.09
16071,"Oneida, ID",1200.06
16073,"Owyhee, ID",7665.51
16075,"Payette, ID",406.87
16077,"Power, ID",1404.24
16079,"Shoshone, ID",2629.67
16081,"Teton, ID",449.46
16083,"Twin Falls, ID",1921.21
16085,"Valley, ID",3664.52
16087,"Washington, ID",1452.98
17001,"Adams, IL",855.2
17003,"Alexander, IL",235.51
17005,"Bond, IL",380.28
17007,"Boone, IL",280.72
17009,"Brown, IL",305.61
17011,"Bureau, IL",869.03
17013,"Calhoun, IL",253.83
17015,"Carroll, IL",444.81
17017,"Cass, IL",375.82
17019,"Champaign, IL",996.27
17021,"Christian, IL",709.38
17023,"Clark, IL",501.42
17025,"Clay, IL",468.32
17027,"Clinton, IL",474.09
17029,"Coles, IL",508.29
17031,"Cook, IL",945.33
17033,"Crawford, IL",443.63
17035,"Cumberland, IL",346.02
17037,"DeKalb, IL",631.31
17039,"De Witt, IL",397.51
17041,"Douglas, IL",416.67
17043,"DuPage, IL",327.5
17045,"Edgar, IL",623.37
17047,"Edwards, IL",222.42
17049,"Effingham, IL",478.78
17051,"Fayette, IL",716.48
17053,"Ford, IL",485.62
17055,"Franklin, IL",408.89
17057,"Fulton, IL",865.6
17059,"Gallatin, IL",323.07
17061,"Greene, IL",543.02
17063,"Grundy, IL",418.04
17065,"Hamilton, IL",434.67
17067,"Hancock, IL",793.73
17069,"Hardin, IL",177.53
17071,"Henderson, IL",378.87
17073,"Henry, IL",822.99
17075,"Iroquois, IL",1117.32
17077,"Jackson, IL",584.08
17079,"Jasper, IL",494.51
17081,"Jefferson, IL",571.17
17083,"Jersey, IL",369.27
17085,"Jo Daviess, IL",601.09
17087,"Johnson, IL",343.92
17089,"Kane, IL",520.06
17091,"Kankakee, IL",676.56
17093,"Kendall, IL",320.34
17095,"Knox, IL",716.4
17097,"Lake, IL",443.67
17099,"LaSalle, IL",1135.12
17101,"Lawrence, IL",372.18
17103,"Lee, IL",724.9
17105,"Livingston, IL",1044.29
17107,"Logan, IL",618.06
17109,"McDonough, IL",589.41
17111,"McHenry, IL",603.17
17113,"McLean, IL",1183.38
17115,"Macon, IL",580.69
17117,"Macoupin, IL",862.91
17119,"Madison, IL",715.58
17121,"Marion, IL",572.36
17123,"Marshall, IL",386.79
17125,"Mason, IL",539.24
17127,"Massac, IL",237.22
17129,"Menard, IL",314.44
17131,"Mercer, IL",561.2
17133,"Monroe, IL",385.01
17135,"Montgomery, IL",703.69
17137,"Morgan, IL",568.79
17139,"Moultrie, IL",335.94
17141,"Ogle, IL",758.57
17143,"Peoria, IL",619.21
17145,"Perry, IL",441.76
17147,"Piatt, IL",439.2
17149,"Pike, IL",831.38
17151,"Pope, IL",368.77
17153,"Pulaski, IL",199.19
17155,"Putnam, IL",160.16
17157,"Randolph, IL",575.5
17159,"Richland, IL",359.99
17161,"Rock Island, IL",427.64
17163,"St. Clair, IL",657.76
17165,"Saline, IL",379.82
17167,"Sangamon, IL",868.3
17169,"Schuyler, IL",437.27
17171,"Scott, IL",250.91
17173,"Shelby, IL",758.52
17175,"Stark, IL",288.08
17177,"Stephenson, IL",564.52
17179,"Tazewell, IL",648.97
17181,"Union, IL",413.46
17183,"Vermilion, IL",898.37
17185,"Wabash, IL",223.25
17187,"Warren, IL",542.41
17189,"Washington, IL",562.57
17191,"Wayne, IL",713.81
17193,"White, IL",494.77
17195,"Whiteside, IL",684.25
17197,"Will, IL",836.91
17199,"Williamson, IL",420.15
17201,"Winnebago, IL",513.36
17203,"Woodford, IL",527.8
18001,"Adams, IN",339.03
18003,"Allen, IN",657.31
18005,"Bartholomew, IN",406.91
18007,"Benton, IN",406.42
18009,"Blackford, IN",165.08
18011,"Boone, IN",422.91
18013,"Brown, IN",311.98
18015,"Carroll, IN",372.22
18017,"Cass, IN",412.16
18019,"Clark, IN",372.86
18021,"Clay, IN",357.54
18023,"Clinton, IN",405.07
18025,"Crawford, IN",305.64
18027,"Daviess, IN",429.49
18029,"Dearborn, IN",305.03
18031,"Decatur, IN",372.57
18033,"DeKalb, IN",362.82
18035,"Delaware, IN",392.12
18037,"Dubois, IN",427.27
18039,"Elkhart, IN",463.17
18041,"Fayette, IN",215.01
18043,"Floyd, IN",147.94
18045,"Fountain, IN",395.66
18047,"Franklin, IN",384.43
18049,"Fulton, IN",368.39
18051,"Gibson, IN",487.49
18053,"Grant, IN",414.07
18055,"Greene, IN",542.5
18057,"Hamilton, IN",394.27
18059,"Hancock, IN",306.02
18061,"Harrison, IN",484.52
18063,"Hendricks, IN",406.91
18065,"Henry, IN",391.88
18067,"Howard, IN",293.06
18069,"Huntington, IN",382.65
18071,"Jackson, IN",509.31
18073,"Jasper, IN",559.63
18075,"Jay, IN",383.91
18077,"Jefferson, IN",360.63
18079,"Jennings, IN",376.58
18081,"Johnson, IN",320.43
18083,"Knox, IN",516.03
18085,"Kosciusko, IN",531.38
18087,"LaGrange, IN",379.62
18089,"Lake, IN",498.96
18091,"LaPorte, IN",598.3
18093,"Lawrence, IN",449.17
18095,"Madison, IN",451.92
18097,"Marion, IN",396.3
18099,"Marshall, IN",443.63
18101,"Martin, IN",335.74
18103,"Miami, IN",373.84
18105,"Monroe, IN",394.51
18107,"Montgomery, IN",504.61
18109,"Morgan, IN",403.97
18111,"Newton, IN",401.76
18113,"Noble, IN",410.84
18115,"Ohio, IN",86.14
18117,"Orange, IN",398.39
18119,"Owen, IN",385.29
18121,"Parke, IN",444.66
18123,"Perry, IN",381.73
18125,"Pike, IN",334.24
18127,"Porter, IN",418.15
18129,"Posey, IN",409.57
18131,"Pulaski, IN",433.65
18133,"Putnam, IN",480.53
18135,"Randolph, IN",452.38
18137,"Ripley, IN",446.43
18139,"Rush, IN",408.12
18141,"St. Joseph, IN",457.85
18143,"Scott, IN",190.4
18145,"Shelby, IN",411.15
18147,"Spencer, IN",396.74
18149,"Starke, IN",309.13
18151,"Steuben, IN",308.94
18153,"Sullivan, IN",447.14
18155,"Switzerland, IN",220.63
18157,"Tippecanoe, IN",499.81
18159,"Tipton, IN",260.54
18161,"Union, IN",161.22
18163,"Vanderburgh, IN",233.48
18165,"Vermillion, IN",256.88
18167,"Vigo, IN",403.31
18169,"Wabash, IN",412.43
18171,"Warren, IN",364.68
18173,"Warrick, IN",384.82
18175,"Washington, IN",513.73
18177,"Wayne, IN",401.74
18179,"Wells, IN",368.09
18181,"White, IN",505.13
18183,"Whitley, IN",335.57
19001,"Adair, IA",569.27
19003,"Adams, IA",423.44
19005,"Allamakee, IA",639.08
19007,"Appanoose, IA",497.29
19009,"Audubon, IA",442.96
19011,"Benton, IA",716.27
19013,"Black Hawk, IA",565.77
19015,"Boone, IA",571.57
19017,"Bremer, IA",435.48
19019,"Buchanan, IA",571.02
19021,"Buena Vista, IA",574.92
19023,"Butler, IA",580.13
19025,"Calhoun, IA",569.97
19027,"Carroll, IA",569.44
19029,"Cass, IA",564.27
19031,"Cedar, IA",579.44
19033,"Cerro Gordo, IA",568.31
19035,"Cherokee, IA",576.91
19037,"Chickasaw, IA",504.38
19039,"Clarke, IA",431.17
19041,"Clay, IA",567.24
19043,"Clayton, IA",778.54
19045,"Clinton, IA",694.92
19047,"Crawford, IA",714.19
19049,"Dallas, IA",588.45
19051,"Davis, IA",502.19
19053,"Decatur, IA",531.88
19055,"Delaware, IA",577.76
19057,"Des Moines, IA",416.12
19059,"Dickinson, IA",380.61
19061,"Dubuque, IA",608.31
19063,"Emmet, IA",395.88
19065,"Fayette, IA",730.81
19067,"Floyd, IA",500.63
19069,"Franklin, IA",581.97
19071,"Fremont, IA",511.15
19073,"Greene, IA",569.57
19075,"Grundy, IA",501.86
19077,"Guthrie, IA",590.62
19079,"Hamilton, IA",576.75
19081,"Hancock, IA",571.01
19083,"Hardin, IA",569.31
19085,"Harrison, IA",696.85
19087,"Henry, IA",434.33
19089,"Howard, IA",473.25
19091,"Humboldt, IA",434.35
19093,"Ida, IA",431.51
19095,"Iowa, IA",586.46
19097,"Jackson, IA",636.04
19099,"Jasper, IA",730.42
19101,"Jefferson, IA",435.51
19103,"Johnson, IA",614.04
19105,"Jones, IA",575.62
19107,"Keokuk, IA",579.18
19109,"Kossuth, IA",972.72
19111,"Lee, IA",517.52
19113,"Linn, IA",716.88
19115,"Louisa, IA",401.77
19117,"Lucas, IA",430.59
19119,"Lyon, IA",587.65
19121,"Madison, IA",561.01
19123,"Mahaska, IA",570.86
19125,"Marion, IA",554.53
19127,"Marshall, IA",572.5
19129,"Mills, IA",437.44
19131,"Mitchell, IA",469.13
19133,"Monona, IA",694.07
19135,"Monroe, IA",433.72
19137,"Montgomery, IA",424.1
19139,"Muscatine, IA",437.47
19141,"O'Brien, IA",573.04
19143,"Osceola, IA",398.68
19145,"Page, IA",534.94
19147,"Palo Alto, IA",563.84
19149,"Plymouth, IA",862.89
19151,"Pocahontas, IA",577.24
19153,"Polk, IA",573.8
19155,"Pottawattamie, IA",950.28
19157,"Poweshiek, IA",584.93
19159,"Ringgold, IA",535.5
19161,"Sac, IA",575.01
19163,"Scott, IA",458.09
19165,"Shelby, IA",590.78
19167,"Sioux, IA",768.33
19169,"Story, IA",572.82
19171,"Tama, IA",721.01
19173,"Taylor, IA",531.9
19175,"Union, IA",423.65
19177,"Van Buren, IA",484.79
19179,"Wapello, IA",431.83
19181,"Warren, IA",569.83
19183,"Washington, IA",568.84
19185,"Wayne, IA",525.44
19187,"Webster, IA",715.62
19189,"Winnebago, IA",400.49
19191,"Winneshiek, IA",689.87
19193,"Woodbury, IA",872.83
19195,"Worth, IA",400.12
19197,"Wright, IA",580.42
20001,"Allen, KS",500.3
20003,"Anderson, KS",579.65
20005,"Atchison, KS",431.17
20007,"Barber, KS",1134.07
20009,"Barton, KS",895.4
20011,"Bourbon, KS",635.47
20013,"Brown, KS",570.87
20015,"Butler, KS",1429.86
20017,"Chase, KS",773.06
20019,"Chautauqua, KS",638.88
20021,"Cherokee, KS",587.57
20023,"Cheyenne, KS",1019.89
20025,"Clark, KS",974.63
20027,"Clay, KS",645.3
20029,"Cloud, KS",715.34
20031,"Coffey, KS",626.95
20033,"Comanche, KS",788.3
20035,"Cowley, KS",1125.75
20037,"Crawford, KS",589.76
20039,"Decatur, KS",893.52
20041,"Dickinson, KS",847.07
20043,"Doniphan, KS",393.41
20045,"Douglas, KS",455.87
20047,"Edwards, KS",621.89
20049,"Elk, KS",644.27
20051,"Ellis, KS",899.91
20053,"Ellsworth, KS",715.85
20055,"Finney, KS",1301.97
20057,"Ford, KS",1098.27
20059,"Franklin, KS",571.76
20061,"Geary, KS",384.62
20063,"Gove, KS",1071.67
20065,"Graham, KS",898.52
20067,"Grant, KS",574.8
20069,"Gray, KS",868.87
20071,"Greeley, KS",778.45
20073,"Greenwood, KS",1143.3
20075,"Hamilton, KS",996.51
20077,"Harper, KS",801.27
20079,"Harvey, KS",539.75
20081,"Haskell, KS",577.52
20083,"Hodgeman, KS",859.99
20085,"Jackson, KS",656.22
20087,"Jefferson, KS",532.57
20089,"Jewell, KS",909.78
20091,"Johnson, KS",473.38
20093,"Kearny, KS",870.54
20095,"Kingman, KS",863.36
20097,"Kiowa, KS",722.64
20099,"Labette, KS",645.3
20101,"Lane, KS",717.46
20103,"Leavenworth, KS",462.83
20105,"Lincoln, KS",719.4
20107,"Linn, KS",594.06
20109,"Logan, KS",1072.99
20111,"Lyon, KS",847.47
20113,"McPherson, KS",898.27
20115,"Marion, KS",944.29
20117,"Marshall, KS",900.18
20119,"Meade, KS",978.09
20121,"Miami, KS",575.66
20123,"Mitchell, KS",701.79
20125,"Montgomery, KS",643.53
20127,"Morris, KS",695.28
20129,"Morton, KS",729.73
20131,"Nemaha, KS",717.43
20133,"Neosho, KS",571.47
20135,"Ness, KS",1074.75
20137,"Norton, KS",878.13
20139,"Osage, KS",705.52
20141,"Osborne, KS",892.5
20143,"Ottawa, KS",720.73
20145,"Pawnee, KS",754.26
20147,"Phillips, KS",885.88
20149,"Pottawatomie, KS",841.02
20151,"Pratt, KS",735.05
20153,"Rawlins, KS",1069.42
20155,"Reno, KS",1255.35
20157,"Republic, KS",717.37
20159,"Rice, KS",726.24
20161,"Riley, KS",609.77
20163,"Rooks, KS",890.53
20165,"Rush, KS",717.76
20167,"Russell, KS",886.26
20169,"Saline, KS",720.23
20171,"Scott, KS",717.54
20173,"Sedgwick, KS",997.51
20175,"Seward, KS",639.5
20177,"Shawnee, KS",544.02
20179,"Sheridan, KS",895.96
20181,"Sherman, KS",1056.07
20183,"Smith, KS",895.47
20185,"Stafford, KS",792.05
20187,"Stanton, KS",680.35
20189,"Stevens, KS",727.29
20191,"Sumner, KS",1181.94
20193,"Thomas, KS",1074.69
20195,"Trego, KS",889.48
20197,"Wabaunsee, KS",794.3
20199,"Wallace, KS",913.65
20201,"Washington, KS",894.76
20203,"Wichita, KS",718.57
20205,"Wilson, KS",570.42
20207,"Woodson, KS",497.82
20209,"Wyandotte, KS",151.6
21001,"Adair, KY",405.28
21003,"Allen, KY",344.34
21005,"Anderson, KY",201.83
21007,"Ballard, KY",246.66
21009,"Barren, KY",487.54
21011,"Bath, KY",278.79
21013,"Bell, KY",359.0
21015,"Boone, KY",246.36
21017,"Bourbon, KY",289.72
21019,"Boyd, KY",159.86
21021,"Boyle, KY",180.17
21023,"Bracken, KY",205.61
21025,"Breathitt, KY",492.41
21027,"Breckinridge, KY",567.17
21029,"Bullitt, KY",297.02
21031,"Butler, KY",426.09
21033,"Caldwell, KY",344.79
21035,"Calloway, KY",385.02
21037,"Campbell, KY",151.31
21039,"Carlisle, KY",189.43
21041,"Carroll, KY",128.57
21043,"Carter, KY",409.5
21045,"Casey, KY",444.23
21047,"Christian, KY",717.5
21049,"Clark, KY",252.46
21051,"Clay, KY",469.25
21053,"Clinton, KY",197.25
21055,"Crittenden, KY",359.95
21057,"Cumberland, KY",305.18
21059,"Daviess, KY",458.35
21061,"Edmonson, KY",302.88
21063,"Elliott, KY",234.32
21065,"Estill, KY",253.08
21067,"Fayette, KY",283.65
21069,"Fleming, KY",348.54
21071,"Floyd, KY",393.35
21073,"Franklin, KY",207.75
21075,"Fulton, KY",205.5
21077,"Gallatin, KY",101.23
21079,"Garrard, KY",230.08
21081,"Grant, KY",257.97
21083,"Graves, KY",551.74
21085,"Grayson, KY",496.7
21087,"Green, KY",286.03
21089,"Greenup, KY",344.4
21091,"Hancock, KY",187.65
21093,"Hardin, KY",623.28
21095,"Harlan, KY",465.83
21097,"Harrison, KY",306.36
21099,"Hart, KY",412.09
21101,"Henderson, KY",436.67
21103,"Henry, KY",286.28
21105,"Hickman, KY",242.27
21107,"Hopkins, KY",542.0
21109,"Jackson, KY",345.2
21111,"Jefferson, KY",380.42
21113,"Jessamine, KY",172.12
21115,"Johnson, KY",261.95
21117,"Kenton, KY",160.25
21119,"Knott, KY",351.52
21121,"Knox, KY",386.3
21123,"Larue, KY",261.52
21125,"Laurel, KY",433.95
21127,"Lawrence, KY",415.6
21129,"Lee, KY",208.86
21131,"Leslie, KY",400.84
21133,"Letcher, KY",337.91
21135,"Lewis, KY",482.84
21137,"Lincoln, KY",334.1
21139,"Livingston, KY",313.13
21141,"Logan, KY",552.13
21143,"Lyon, KY",213.84
21145,"McCracken, KY",248.74
21147,"McCreary, KY",426.8
21149,"McLean, KY",252.47
21151,"Madison, KY",437.29
21153,"Magoffin, KY",308.44
21155,"Marion, KY",343.01
21157,"Marshall, KY",301.25
21159,"Martin, KY",229.61
21161,"Mason, KY",240.13
21163,"Meade, KY",305.42
21165,"Menifee, KY",203.59
21167,"Mercer, KY",248.8
21169,"Metcalfe, KY",289.65
21171,"Monroe, KY",329.37
21173,"Montgomery, KY",197.37
21175,"Morgan, KY",381.13
21177,"Muhlenberg, KY",467.08
21179,"Nelson, KY",417.51
21181,"Nicholas, KY",195.17
21183,"Ohio, KY",587.27
21185,"Oldham, KY",187.22
21187,"Owen, KY",351.1
21189,"Owsley, KY",197.41
21191,"Pendleton, KY",277.16
21193,"Perry, KY",339.67
21195,"Pike, KY",786.83
21197,"Powell, KY",178.98
21199,"Pulaski, KY",658.41
21201,"Robertson, KY",99.91
21203,"Rockcastle, KY",316.55
21205,"Rowan, KY",279.8
21207,"Russell, KY",253.66
21209,"Scott, KY",281.77
21211,"Shelby, KY",379.64
21213,"Simpson, KY",234.2
21215,"Spencer, KY",186.68
21217,"Taylor, KY",266.33
21219,"Todd, KY",374.5
21221,"Trigg, KY",441.43
21223,"Trimble, KY",151.65
21225,"Union, KY",342.85
21227,"Warren, KY",541.6
21229,"Washington, KY",297.27
21231,"Wayne, KY",458.17
21233,"Webster, KY",331.94
21235,"Whitley, KY",437.83
21237,"Wolfe, KY",222.17
21239,"Woodford, KY",188.78
22001,"Acadia, LA",655.12
22003,"Allen, LA",761.85
22005,"Ascension, LA",289.98
22007,"Assumption, LA",338.66
22009,"Avoyelles, LA",832.43
22011,"Beauregard, LA",1157.34
22013,"Bienville, LA",811.27
22015,"Bossier, LA",840.06
22017,"Caddo, LA",878.54
22019,"Calcasieu, LA",1063.66
22021,"Caldwell, LA",529.43
22023,"Cameron, LA",1284.89
22025,"Catahoula, LA",708.03
22027,"Claiborne, LA",754.88
22029,"Concordia, LA",696.92
22031,"De Soto, LA",875.58
22033,"East Baton Rouge, LA",455.37
22035,"East Carroll, LA",420.7
22037,"East Feliciana, LA",453.41
22039,"Evangeline, LA",662.38
22041,"Franklin, LA",624.59
22043,"Grant, LA",643.03
22045,"Iberia, LA",574.11
22047,"Iberville, LA",618.63
22049,"Jackson, LA",569.18
22051,"Jefferson, LA",295.63
22053,"Jefferson Davis, LA",651.33
22055,"Lafayette, LA",268.72
22057,"Lafourche, LA",1068.21
22059,"La Salle, LA",624.68
22061,"Lincoln, LA",471.74
22063,"Livingston, LA",648.17
22065,"Madison, LA",624.44
22067,"Morehouse, LA",794.93
22069,"Natchitoches, LA",1252.25
22071,"Orleans, LA",169.42
22073,"Ouachita, LA",610.41
22075,"Plaquemines, LA",779.91
22077,"Pointe Coupee, LA",557.35
22079,"Rapides, LA",1317.96
22081,"Red River, LA",389.09
22083,"Richland, LA",559.04
22085,"Sabine, LA",866.66
22087,"St. Bernard, LA",377.52
22089,"St. Charles, LA",279.08
22091,"St. Helena, LA",408.4
22093,"St. James, LA",241.54
22095,"St. John the Baptist, LA",213.07
22097,"St. Landry, LA",923.88
22099,"St. Martin, LA",737.65
22101,"St. Mary, LA",555.38
22103,"St. Tammany, LA",845.55
22105,"Tangipahoa, LA",791.28
22107,"Tensas, LA",602.78
22109,"Terrebonne, LA",1231.82
22111,"Union, LA",876.99
22113,"Vermilion, LA",1173.2
22115,"Vernon, LA",1327.91
22117,"Washington, LA",669.53
22119,"Webster, LA",593.03
22121,"West Baton Rouge, LA",192.39
22123,"West Carroll, LA",359.65
22125,"West Feliciana, LA",403.21
22127,"Winn, LA",950.09
23001,"Androscoggin, ME",467.93
23003,"Aroostook, ME",6671.33
23005,"Cumberland, ME",835.24
23007,"Franklin, ME",1696.61
23009,"Hancock, ME",1586.89
23011,"Kennebec, ME",867.52
23013,"Knox, ME",365.13
23015,"Lincoln, ME",455.82
23017,"Oxford, ME",2076.84
23019,"Penobscot, ME",3397.36
23021,"Piscataquis, ME",3960.86
23023,"Sagadahoc, ME",253.7
23025,"Somerset, ME",3924.4
23027,"Waldo, ME",729.92
23029,"Washington, ME",2562.66
23031,"York, ME",990.71
24001,"Allegany, MD",424.16
24003,"Anne Arundel, MD",414.9
24005,"Baltimore, MD",598.3
24009,"Calvert, MD",213.15
24011,"Caroline, MD",319.42
24013,"Carroll, MD",447.6
24015,"Cecil, MD",346.27
24017,"Charles, MD",457.75
24019,"Dorchester, MD",540.77
24021,"Frederick, MD",660.22
24023,"Garrett, MD",647.1
24025,"Harford, MD",437.09
24027,"Howard, MD",250.74
24029,"Kent, MD",277.03
24031,"Montgomery, MD",491.25
24033,"Prince George's, MD",482.69
24035,"Queen Anne's, MD",371.91
24037,"St. Mary's, MD",357.18
24039,"Somerset, MD",319.72
24041,"Talbot, MD",268.54
24043,"Washington, MD",457.78
24045,"Wicomico, MD",374.44
24047,"Worcester, MD",468.28
24510,"Baltimore city, MD",80.94
25001,"Barnstable, MA",393.72
25003,"Berkshire, MA",926.83
25005,"Bristol, MA",553.1
25007,"Dukes, MA",103.25
25009,"Essex, MA",492.56
25011,"Franklin, MA",699.32
25013,"Hampden, MA",617.14
25015,"Hampshire, MA",527.26
25017,"Middlesex, MA",817.82
25019,"Nantucket, MA",44.97
25021,"Norfolk, MA",396.11
25023,"Plymouth, MA",659.08
25025,"Suffolk, MA",58.15
25027,"Worcester, MA",1510.77
26001,"Alcona, MI",674.59
26003,"Alger, MI",915.07
26005,"Allegan, MI",825.23
26007,"Alpena, MI",571.86
26009,"Antrim, MI",475.7
26011,"Arenac, MI",363.19
26013,"Baraga, MI",898.26
26015,"Barry, MI",553.09
26017,"Bay, MI",442.3
26019,"Benzie, MI",319.7
26021,"Berrien, MI",567.75
26023,"Branch, MI",506.37
26025,"Calhoun, MI",706.23
26027,"Cass, MI",490.06
26029,"Charlevoix, MI",416.34
26031,"Cheboygan, MI",715.26
26033,"Chippewa, MI",1558.42
26035,"Clare, MI",564.32
26037,"Clinton, MI",566.41
26039,"Crawford, MI",556.28
26041,"Delta, MI",1171.1
26043,"Dickinson, MI",761.4
26045,"Eaton, MI",575.18
26047,"Emmet, MI",467.49
26049,"Genesee, MI",636.98
26051,"Gladwin, MI",501.78
26053,"Gogebic, MI",1101.85
26055,"Grand Traverse, MI",464.33
26057,"Gratiot, MI",568.46
26059,"Hillsdale, MI",598.13
26061,"Houghton, MI",1009.1
26063,"Huron, MI",835.71
26065,"Ingham, MI",556.12
26067,"Ionia, MI",571.3
26069,"Iosco, MI",549.1
26071,"Iron, MI",1166.15
26073,"Isabella, MI",572.68
26075,"Jackson, MI",701.67
26077,"Kalamazoo, MI",561.66
26079,"Kalkaska, MI",559.87
26081,"Kent, MI",846.95
26083,"Keweenaw, MI",540.11
26085,"Lake, MI",567.37
26087,"Lapeer, MI",643.01
26089,"Leelanau, MI",347.17
26091,"Lenawee, MI",749.56
26093,"Livingston, MI",565.25
26095,"Luce, MI",899.08
26097,"Mackinac, MI",1021.57
26099,"Macomb, MI",479.22
26101,"Manistee, MI",542.15
26103,"Marquette, MI",1808.4
26105,"Mason, MI",495.07
26107,"Mecosta, MI",555.07
26109,"Menominee, MI",1044.08
26111,"Midland, MI",516.25
26113,"Missaukee, MI",564.73
26115,"Monroe, MI",549.39
26117,"Montcalm, MI",705.4
26119,"Montmorency, MI",546.66
26121,"Muskegon, MI",499.25
26123,"Newaygo, MI",813.2
26125,"Oakland, MI",867.66
26127,"Oceana, MI",512.07
26129,"Ogemaw, MI",563.49
26131,"Ontonagon, MI",1311.23
26133,"Osceola, MI",566.39
26135,"Oscoda, MI",565.73
26137,"Otsego, MI",514.97
26139,"Ottawa, MI",563.47
26141,"Presque Isle, MI",658.72
26143,"Roscommon, MI",519.64
26145,"Saginaw, MI",800.11
26147,"St. Clair, MI",721.17
26149,"St. Joseph, MI",500.59
26151,"Sanilac, MI",962.57
26153,"Schoolcraft, MI",1171.36
26155,"Shiawassee, MI",530.67
26157,"Tuscola, MI",803.13
26159,"Van Buren, MI",607.47
26161,"Washtenaw, MI",705.97
26163,"Wayne, MI",612.08
26165,"Wexford, MI",565.0
27001,"Aitkin, MN",1821.66
27003,"Anoka, MN",423.01
27005,"Becker, MN",1315.2
27007,"Beltrami, MN",2504.94
27009,"Benton, MN",408.3
27011,"Big Stone, MN",499.02
27013,"Blue Earth, MN",747.84
27015,"Brown, MN",611.09
27017,"Carlton, MN",861.38
27019,"Carver, MN",354.33
27021,"Cass, MN",2021.54
27023,"Chippewa, MN",581.12
27025,"Chisago, MN",414.86
27027,"Clay, MN",1045.37
27029,"Clearwater, MN",998.94
27031,"Cook, MN",1452.28
27033,"Cottonwood, MN",638.61
27035,"Crow Wing, MN",999.1
27037,"Dakota, MN",562.17
27039,"Dodge, MN",439.28
27041,"Douglas, MN",637.3
27043,"Faribault, MN",712.48
27045,"Fillmore, MN",861.3
27047,"Freeborn, MN",707.09
27049,"Goodhue, MN",756.84
27051,"Grant, MN",548.16
27053,"Hennepin, MN",553.59
27055,"Houston, MN",552.06
27057,"Hubbard, MN",925.68
27059,"Isanti, MN",435.79
27061,"Itasca, MN",2667.72
27063,"Jackson, MN",702.98
27065,"Kanabec, MN",521.59
27067,"Kandiyohi, MN",796.79
27069,"Kittson, MN",1098.8
27071,"Koochiching, MN",3104.07
27073,"Lac qui Parle, MN",765.02
27075,"Lake, MN",2109.29
27077,"Lake of the Woods, MN",1297.87
27079,"Le Sueur, MN",448.76
27081,"Lincoln, MN",536.76
27083,"Lyon, MN",714.56
27085,"McLeod, MN",491.47
27087,"Mahnomen, MN",557.88
27089,"Marshall, MN",1775.07
27091,"Martin, MN",712.35
27093,"Meeker, MN",608.18
27095,"Mille Lacs, MN",572.31
27097,"Morrison, MN",1125.06
27099,"Mower, MN",711.33
27101,"Murray, MN",704.7
27103,"Nicollet, MN",448.49
27105,"Nobles, MN",715.11
27107,"Norman, MN",872.79
27109,"Olmsted, MN",653.35
27111,"Otter Tail, MN",1972.07
27113,"Pennington, MN",616.57
27115,"Pine, MN",1411.29
27117,"Pipestone, MN",465.06
27119,"Polk, MN",1971.13
27121,"Pope, MN",669.71
27123,"Ramsey, MN",152.21
27125,"Red Lake, MN",432.41
27127,"Redwood, MN",878.57
27129,"Renville, MN",982.91
27131,"Rice, MN",495.68
27133,"Rock, MN",482.46
27135,"Roseau, MN",1671.6
27137,"St. Louis, MN",6247.4
27139,"Scott, MN",356.48
27141,"Sherburne, MN",432.92
27143,"Sibley, MN",588.78
27145,"Stearns, MN",1343.13
27147,"Steele, MN",429.65
27149,"Stevens, MN",563.6
27151,"Swift, MN",742.08
27153,"Todd, MN",944.98
27155,"Traverse, MN",573.9
27157,"Wabasha, MN",522.98
27159,"Wadena, MN",536.27
27161,"Waseca, MN",423.36
27163,"Washington, MN",384.28
27165,"Watonwan, MN",434.95
27167,"Wilkin, MN",750.96
27169,"Winona, MN",626.21
27171,"Wright, MN",661.46
27173,"Yellow Medicine, MN",759.1
28001,"Adams, MS",462.41
28003,"Alcorn, MS",400.04
28005,"Amite, MS",730.1
28007,"Attala, MS",734.98
28009,"Benton, MS",406.62
28011,"Bolivar, MS",876.57
28013,"Calhoun, MS",586.57
28015,"Carroll, MS",628.24
28017,"Chickasaw, MS",501.78
28019,"Choctaw, MS",418.18
28021,"Claiborne, MS",487.41
28023,"Clarke, MS",691.55
28025,"Clay, MS",410.08
28027,"Coahoma, MS",552.44
28029,"Copiah, MS",777.24
28031,"Covington, MS",413.79
28033,"DeSoto, MS",476.15
28035,"Forrest, MS",466.31
28037,"Franklin, MS",563.78
28039,"George, MS",478.71
28041,"Greene, MS",712.76
28043,"Grenada, MS",422.11
28045,"Hancock, MS",473.75
28047,"Harrison, MS",573.99
28049,"Hinds, MS",869.74
28051,"Holmes, MS",756.7
28053,"Humphreys, MS",418.49
28055,"Issaquena, MS",413.05
28057,"Itawamba, MS",532.79
28059,"Jackson, MS",722.75
28061,"Jasper, MS",676.24
28063,"Jefferson, MS",519.93
28065,"Jefferson Davis, MS",408.44
28067,"Jones, MS",694.8
28069,"Kemper, MS",766.18
28071,"Lafayette, MS",631.71
28073,"Lamar, MS",497.06
28075,"Lauderdale, MS",703.63
28077,"Lawrence, MS",430.67
28079,"Leake, MS",583.0
28081,"Lee, MS",449.95
28083,"Leflore, MS",592.54
28085,"Lincoln, MS",586.12
28087,"Lowndes, MS",505.51
28089,"Madison, MS",714.51
28091,"Marion, MS",542.38
28093,"Marshall, MS",706.19
28095,"Monroe, MS",765.09
28097,"Montgomery, MS",406.98
28099,"Neshoba, MS",570.14
28101,"Newton, MS",578.1
28103,"Noxubee, MS",695.14
28105,"Oktibbeha, MS",458.2
28107,"Panola, MS",685.14
28109,"Pearl River, MS",810.86
28111,"Perry, MS",647.25
28113,"Pike, MS",409.02
28115,"Pontotoc, MS",497.69
28117,"Prentiss, MS",414.98
28119,"Quitman, MS",405.01
28121,"Rankin, MS",775.49
28123,"Scott, MS",609.19
28125,"Sharkey, MS",431.72
28127,"Simpson, MS",589.16
28129,"Smith, MS",636.25
28131,"Stone, MS",445.49
28133,"Sunflower, MS",697.75
28135,"Tallahatchie, MS",645.29
28137,"Tate, MS",404.76
28139,"Tippah, MS",457.82
28141,"Tishomingo, MS",424.25
28143,"Tunica, MS",454.67
28145,"Union, MS",415.6
28147,"Walthall, MS",403.94
28149,"Warren, MS",588.5
28151,"Washington, MS",724.74
28153,"Wayne, MS",810.75
28155,"Webster, MS",420.94
28157,"Wilkinson, MS",678.11
28159,"Winston, MS",607.25
28161,"Yalobusha, MS",467.13
28163,"Yazoo, MS",922.95
29001,"Adair, MO",567.32
29003,"Andrew, MO",432.7
29005,"Atchison, MO",547.3
29007,"Audrain, MO",692.24
29009,"Barry, MO",778.25
29011,"Barton, MO",591.92
29013,"Bates, MO",836.69
29015,"Benton, MO",704.06
29017,"Bollinger, MO",617.91
29019,"Boone, MO",685.41
29021,"Buchanan, MO",408.03
29023,"Butler, MO",694.67
29025,"Caldwell, MO",426.39
29027,"Callaway, MO",834.58
29029,"Camden, MO",655.92
29031,"Cape Girardeau, MO",578.54
29033,"Carroll, MO",694.62
29035,"Carter, MO",507.36
29037,"Cass, MO",696.84
29039,"Cedar, MO",474.48
29041,"Chariton, MO",751.18
29043,"Christian, MO",562.65
29045,"Clark, MO",504.69
29047,"Clay, MO",397.3
29049,"Clinton, MO",418.96
29051,"Cole, MO",393.75
29053,"Cooper, MO",564.77
29055,"Crawford, MO",742.52
29057,"Dade, MO",490.01
29059,"Dallas, MO",540.77
29061,"Daviess, MO",563.24
29063,"DeKalb, MO",421.36
29065,"Dent, MO",752.79
29067,"Douglas, MO",813.63
29069,"Dunklin, MO",541.07
29071,"Franklin, MO",922.68
29073,"Gasconade, MO",517.8
29075,"Gentry, MO",491.42
29077,"Greene, MO",675.3
29079,"Grundy, MO",435.28
29081,"Harrison, MO",722.5
29083,"Henry, MO",696.95
29085,"Hickory, MO",399.09
29087,"Holt, MO",462.69
29089,"Howard, MO",463.85
29091,"Howell, MO",927.25
29093,"Iron, MO",550.26
29095,"Jackson, MO",604.46
29097,"Jasper, MO",638.49
29099,"Jefferson, MO",656.63
29101,"Johnson, MO",829.28
29103,"Knox, MO",504.01
29105,"Laclede, MO",764.72
29107,"Lafayette, MO",628.43
29109,"Lawrence, MO",611.74
29111,"Lewis, MO",505.04
29113,"Lincoln, MO",626.56
29115,"Linn, MO",615.56
29117,"Livingston, MO",532.33
29119,"McDonald, MO",539.48
29121,"Macon, MO",801.23
29123,"Madison, MO",494.39
29125,"Maries, MO",526.98
29127,"Marion, MO",436.92
29129,"Mercer, MO",453.84
29131,"Miller, MO",592.6
29133,"Mississippi, MO",411.58
29135,"Moniteau, MO",415.03
29137,"Monroe, MO",647.65
29139,"Montgomery, MO",536.25
29141,"Morgan, MO",597.63
29143,"New Madrid, MO",674.84
29145,"Newton, MO",624.77
29147,"Nodaway, MO",876.96
29149,"Oregon, MO",789.8
29151,"Osage, MO",604.35
29153,"Ozark, MO",744.97
29155,"Pemiscot, MO",492.54
29157,"Perry, MO",474.35
29159,"Pettis, MO",682.22
29161,"Phelps, MO",671.78
29163,"Pike, MO",670.44
29165,"Platte, MO",420.19
29167,"Polk, MO",635.52
29169,"Pulaski, MO",547.1
29171,"Putnam, MO",517.32
29173,"Ralls, MO",469.78
29175,"Randolph, MO",482.68
29177,"Ray, MO",568.81
29179,"Reynolds, MO",808.48
29181,"Ripley, MO",629.54
29183,"St. Charles, MO",560.44
29185,"St. Clair, MO",669.98
29186,"Ste. Genevieve, MO",499.15
29187,"St. Francois, MO",451.89
29189,"St. Louis, MO",507.8
29195,"Saline, MO",755.5
29197,"Schuyler, MO",307.3
29199,"Scotland, MO",436.67
29201,"Scott, MO",419.99
29203,"Shannon, MO",1003.82
29205,"Shelby, MO",500.86
29207,"Stoddard, MO",823.22
29209,"Stone, MO",464.03
29211,"Sullivan, MO",647.98
29213,"Taney, MO",632.44
29215,"Texas, MO",1177.27
29217,"Vernon, MO",826.4
29219,"Warren, MO",428.6
29221,"Washington, MO",759.91
29223,"Wayne, MO",759.18
29225,"Webster, MO",592.56
29227,"Worth, MO",266.61
29229,"Wright, MO",681.77
29510,"St. Louis city, MO",61.91
30001,"Beaverhead, MT",5541.62
30003,"Big Horn, MT",4995.46
30005,"Blaine, MT",4227.55
30007,"Broadwater, MT",1192.54
30009,"Carbon, MT",2048.79
30011,"Carter, MT",3340.75
30013,"Cascade, MT",2698.16
30015,"Chouteau, MT",3972.49
30017,"Custer, MT",3783.36
30019,"Daniels, MT",1426.11
30021,"Dawson, MT",2371.87
30023,"Deer Lodge, MT",736.53
30025,"Fallon, MT",1620.77
30027,"Fergus, MT",4339.8
30029,"Flathead, MT",5087.66
30031,"Gallatin, MT",2602.69
30033,"Garfield, MT",4675.36
30035,"Glacier, MT",2995.94
30037,"Golden Valley, MT",1175.34
30039,"Granite, MT",1727.42
30041,"Hill, MT",2898.96
30043,"Jefferson, MT",1656.26
30045,"Judith Basin, MT",1869.82
30047,"Lake, MT",1490.15
30049,"Lewis and Clark, MT",3458.83
30051,"Liberty, MT",1430.05
30053,"Lincoln, MT",3612.92
30055,"McCone, MT",2643.17
30057,"Madison, MT",3587.48
30059,"Meagher, MT",2391.91
30061,"Mineral, MT",1219.44
30063,"Missoula, MT",2593.42
30065,"Musselshell, MT",1868.16
30067,"Park, MT",2803.06
30069,"Petroleum, MT",1654.87
30071,"Phillips, MT",5140.04
30073,"Pondera, MT",1622.86
30075,"Powder River, MT",3297.3
30077,"Powell, MT",2326.39
30079,"Prairie, MT",1736.74
30081,"Ravalli, MT",2390.82
30083,"Richland, MT",2084.14
30085,"Roosevelt, MT",2354.79
30087,"Rosebud, MT",5010.4
30089,"Sanders, MT",2760.52
30091,"Sheridan, MT",1677.08
30093,"Silver Bow, MT",718.48
30095,"Stillwater, MT",1795.35
30097,"Sweet Grass, MT",1855.21
30099,"Teton, MT",2272.38
30101,"Toole, MT",1915.65
30103,"Treasure, MT",977.4
30105,"Valley, MT",4925.82
30107,"Wheatland, MT",1423.2
30109,"Wibaux, MT",889.27
30111,"Yellowstone, MT",2633.29
31001,"Adams, NE",563.27
31003,"Antelope, NE",857.22
31005,"Arthur, NE",715.36
31007,"Banner, NE",746.11
31009,"Blaine, NE",710.87
31011,"Boone, NE",686.55
31013,"Box Butte, NE",1075.29
31015,"Boyd, NE",539.94
31017,"Brown, NE",1221.33
31019,"Buffalo, NE",968.11
31021,"Burt, NE",491.58
31023,"Butler, NE",584.91
31025,"Cass, NE",557.45
31027,"Cedar, NE",740.31
31029,"Chase, NE",894.42
31031,"Cherry, NE",5960.42
31033,"Cheyenne, NE",1196.29
31035,"Clay, NE",572.29
31037,"Colfax, NE",411.66
31039,"Cuming, NE",570.62
31041,"Custer, NE",2575.52
31043,"Dakota, NE",264.26
31045,"Dawes, NE",1396.46
31047,"Dawson, NE",1013.1
31049,"Deuel, NE",439.85
31051,"Dixon, NE",476.23
31053,"Dodge, NE",528.71
31055,"Douglas, NE",328.46
31057,"Dundy, NE",919.68
31059,"Fillmore, NE",575.37
31061,"Franklin, NE",575.82
31063,"Frontier, NE",974.59
31065,"Furnas, NE",719.13
31067,"Gage, NE",851.49
31069,"Garden, NE",1704.28
31071,"Garfield, NE",569.79
31073,"Gosper, NE",458.16
31075,"Grant, NE",776.22
31077,"Greeley, NE",569.81
31079,"Hall, NE",546.29
31081,"Hamilton, NE",542.88
31083,"Harlan, NE",553.47
31085,"Hayes, NE",713.06
31087,"Hitchcock, NE",709.94
31089,"Holt, NE",2412.4
31091,"Hooker, NE",721.12
31093,"Howard, NE",569.34
31095,"Jefferson, NE",570.19
31097,"Johnson, NE",376.05
31099,"Kearney, NE",516.24
31101,"Keith, NE",1061.6
31103,"Keya Paha, NE",773.07
31105,"Kimball, NE",951.85
31107,"Knox, NE",1108.35
31109,"Lancaster, NE",837.55
31111,"Lincoln, NE",2564.07
31113,"Logan, NE",570.66
31115,"Loup, NE",568.29
31117,"McPherson, NE",858.98
31119,"Madison, NE",572.74
31121,"Merrick, NE",484.88
31123,"Morrill, NE",1423.84
31125,"Nance, NE",441.63
31127,"Nemaha, NE",407.38
31129,"Nuckolls, NE",575.16
31131,"Otoe, NE",615.63
31133,"Pawnee, NE",431.08
31135,"Perkins, NE",883.34
31137,"Phelps, NE",539.79
31139,"Pierce, NE",573.25
31141,"Platte, NE",674.06
31143,"Polk, NE",438.35
31145,"Red Willow, NE",716.99
31147,"Richardson, NE",551.84
31149,"Rock, NE",1008.32
31151,"Saline, NE",574.02
31153,"Sarpy, NE",238.99
31155,"Saunders, NE",750.23
31157,"Scotts Bluff, NE",739.4
31159,"Seward, NE",571.43
31161,"Sheridan, NE",2440.86
31163,"Sherman, NE",565.83
31165,"Sioux, NE",2066.74
31167,"Stanton, NE",427.95
31169,"Thayer, NE",573.81
31171,"Thomas, NE",713.24
31173,"Thurston, NE",393.58
31175,"Valley, NE",568.05
31177,"Washington, NE",389.96
31179,"Wayne, NE",442.92
31181,"Webster, NE",574.91
31183,"Wheeler, NE",575.18
31185,"York, NE",572.51
32001,"Churchill, NV",4930.46
32003,"Clark, NV",7891.43
32005,"Douglas, NV",709.72
32007,"Elko, NV",17169.83
32009,"Esmeralda, NV",3581.88
32011,"Eureka, NV",4175.68
32013,"Humboldt, NV",9640.76
32015,"Lander, NV",5490.11
32017,"Lincoln, NV",10633.2
32019,"Lyon, NV",2001.19
32021,"Mineral, NV",3752.84
32023,"Nye, NV",18181.92
32027,"Pershing, NV",6036.56
32029,"Storey, NV",262.92
32031,"Washoe, NV",6302.37
32033,"White Pine, NV",8875.65
32510,"Carson City city, NV",144.66
33001,"Belknap, NH",400.23
33003,"Carroll, NH",931.06
33005,"Cheshire, NH",706.66
33007,"Coos, NH",1794.69
33009,"Grafton, NH",1708.75
33011,"Hillsborough, NH",876.14
33013,"Merrimack, NH",934.12
33015,"Rockingham, NH",694.72
33017,"Strafford, NH",368.98
33019,"Sullivan, NH",537.31
34001,"Atlantic, NJ",555.7
34003,"Bergen, NJ",233.01
34005,"Burlington, NJ",798.58
34007,"Camden, NJ",221.26
34009,"Cape May, NJ",251.43
34011,"Cumberland, NJ",483.7
34013,"Essex, NJ",126.21
34015,"Gloucester, NJ",322.01
34017,"Hudson, NJ",46.19
34019,"Hunterdon, NJ",427.82
34021,"Mercer, NJ",224.56
34023,"Middlesex, NJ",308.91
34025,"Monmouth, NJ",468.79
34027,"Morris, NJ",460.18
34029,"Ocean, NJ",628.78
34031,"Passaic, NJ",184.59
34033,"Salem, NJ",331.9
34035,"Somerset, NJ",301.81
34037,"Sussex, NJ",519.01
34039,"Union, NJ",102.86
34041,"Warren, NJ",356.92
35001,"Bernalillo, NM",1160.83
35003,"Catron, NM",6923.69
35005,"Chaves, NM",6065.28
35006,"Cibola, NM",4539.48
35007,"Colfax, NM",3758.06
35009,"Curry, NM",1404.8
35011,"De Baca, NM",2322.62
35013,"Dona Ana, NM",3807.51
35015,"Eddy, NM",4175.73
35017,"Grant, NM",3961.63
35019,"Guadalupe, NM",3030.48
35021,"Harding, NM",2125.44
35023,"Hidalgo, NM",3436.86
35025,"Lea, NM",4390.93
35027,"Lincoln, NM",4831.09
35028,"Los Alamos, NM",109.17
35029,"Luna, NM",2965.19
35031,"McKinley, NM",5449.81
35033,"Mora, NM",1931.27
35035,"Otero, NM",6613.21
35037,"Quay, NM",2874.35
35039,"Rio Arriba, NM",5860.84
35041,"Roosevelt, NM",2447.43
35043,"Sandoval, NM",3710.65
35045,"San Juan, NM",5513.07
35047,"San Miguel, NM",4715.82
35049,"Santa Fe, NM",1909.41
35051,"Sierra, NM",4178.96
35053,"Socorro, NM",6646.68
35055,"Taos, NM",2203.11
35057,"Torrance, NM",3344.85
35059,"Union, NM",3823.74
35061,"Valencia, NM",1066.18
36001,"Albany, NY",522.8
36003,"Allegany, NY",1029.31
36005,"Bronx, NY",42.1
36007,"Broome, NY",705.77
36009,"Cattaraugus, NY",1308.35
36011,"Cayuga, NY",691.58
36013,"Chautauqua, NY",1060.23
36015,"Chemung, NY",407.35
36017,"Chenango, NY",893.55
36019,"Clinton, NY",1037.85
36021,"Columbia, NY",634.71
36023,"Cortland, NY",498.76
36025,"Delaware, NY",1442.44
36027,"Dutchess, NY",795.63
36029,"Erie, NY",1042.69
36031,"Essex, NY",1794.23
36033,"Franklin, NY",1629.12
36035,"Fulton, NY",495.47
36037,"Genesee, NY",492.94
36039,"Greene, NY",647.16
36041,"Hamilton, NY",1717.37
36043,"Herkimer, NY",1411.47
36045,"Jefferson, NY",1268.59
36047,"Kings, NY",70.82
36049,"Lewis, NY",1274.68
36051,"Livingston, NY",631.76
36053,"Madison, NY",654.84
36055,"Monroe, NY",657.21
36057,"Montgomery, NY",403.04
36059,"Nassau, NY",284.72
36061,"New York, NY",22.83
36063,"Niagara, NY",522.36
36065,"Oneida, NY",1212.43
36067,"Onondaga, NY",778.39
36069,"Ontario, NY",644.07
36071,"Orange, NY",811.69
36073,"Orleans, NY",391.26
36075,"Oswego, NY",951.65
36077,"Otsego, NY",1001.7
36079,"Putnam, NY",230.31
36081,"Queens, NY",108.53
36083,"Rensselaer, NY",652.43
36085,"Richmond, NY",58.37
36087,"Rockland, NY",173.55
36089,"St. Lawrence, NY",2680.38
36091,"Saratoga, NY",809.98
36093,"Schenectady, NY",204.52
36095,"Schoharie, NY",621.82
36097,"Schuyler, NY",328.33
36099,"Seneca, NY",323.71
36101,"Steuben, NY",1390.56
36103,"Suffolk, NY",912.05
36105,"Sullivan, NY",968.13
36107,"Tioga, NY",518.6
36109,"Tompkins, NY",474.65
36111,"Ulster, NY",1124.24
36113,"Warren, NY",866.95
36115,"Washington, NY",831.18
36117,"Wayne, NY",603.83
36119,"Westchester, NY",430.5
36121,"Wyoming, NY",592.75
36123,"Yates, NY",338.14
37001,"Alamance, NC",423.94
37003,"Alexander, NC",259.99
37005,"Alleghany, NC",235.06
37007,"Anson, NC",531.45
37009,"Ashe, NC",426.14
37011,"Avery, NC",247.09
37013,"Beaufort, NC",827.19
37015,"Bertie, NC",699.27
37017,"Bladen, NC",874.33
37019,"Brunswick, NC",846.97
37021,"Buncombe, NC",656.67
37023,"Burke, NC",507.1
37025,"Cabarrus, NC",361.75
37027,"Caldwell, NC",471.57
37029,"Camden, NC",240.56
37031,"Carteret, NC",506.25
37033,"Caswell, NC",424.92
37035,"Catawba, NC",398.72
37037,"Chatham, NC",682.19
37039,"Cherokee, NC",455.43
37041,"Chowan, NC",172.47
37043,"Clay, NC",214.75
37045,"Cleveland, NC",464.25
37047,"Columbus, NC",937.29
37049,"Craven, NC",708.96
37051,"Cumberland, NC",652.32
37053,"Currituck, NC",261.85
37055,"Dare, NC",383.42
37057,"Davidson, NC",552.68
37059,"Davie, NC",264.11
37061,"Duplin, NC",816.22
37063,"Durham, NC",285.98
37065,"Edgecombe, NC",505.34
37067,"Forsyth, NC",408.15
37069,"Franklin, NC",491.68
37071,"Gaston, NC",356.03
37073,"Gates, NC",340.45
37075,"Graham, NC",292.08
37077,"Granville, NC",531.57
37079,"Greene, NC",265.93
37081,"Guilford, NC",645.7
37083,"Halifax, NC",724.09
37085,"Harnett, NC",594.99
37087,"Haywood, NC",553.69
37089,"Henderson, NC",373.07
37091,"Hertford, NC",353.06
37093,"Hoke, NC",390.74
37095,"Hyde, NC",612.7
37097,"Iredell, NC",573.83
37099,"Jackson, NC",490.76
37101,"Johnston, NC",791.3
37103,"Jones, NC",470.71
37105,"Lee, NC",254.96
37107,"Lenoir, NC",400.59
37109,"Lincoln, NC",297.94
37111,"McDowell, NC",440.61
37113,"Macon, NC",515.56
37115,"Madison, NC",449.57
37117,"Martin, NC",461.22
37119,"Mecklenburg, NC",523.84
37121,"Mitchell, NC",221.43
37123,"Montgomery, NC",491.76
37125,"Moore, NC",697.84
37127,"Nash, NC",540.41
37129,"New Hanover, NC",191.53
37131,"Northampton, NC",536.59
37133,"Onslow, NC",762.74
37135,"Orange, NC",397.96
37137,"Pamlico, NC",336.54
37139,"Pasquotank, NC",226.88
37141,"Pender, NC",869.8
37143,"Perquimans, NC",247.09
37145,"Person, NC",392.32
37147,"Pitt, NC",651.98
37149,"Polk, NC",237.79
37151,"Randolph, NC",782.52
37153,"Richmond, NC",473.82
37155,"Robeson, NC",949.22
37157,"Rockingham, NC",565.55
37159,"Rowan, NC",511.37
37161,"Rutherford, NC",564.15
37163,"Sampson, NC",944.74
37165,"Scotland, NC",318.85
37167,"Stanly, NC",395.09
37169,"Stokes, NC",448.86
37171,"Surry, NC",532.17
37173,"Swain, NC",528.0
37175,"Transylvania, NC",378.53
37177,"Tyrrell, NC",389.04
37179,"Union, NC",631.52
37181,"Vance, NC",253.52
37183,"Wake, NC",835.22
37185,"Warren, NC",428.46
37187,"Washington, NC",348.14
37189,"Watauga, NC",312.56
37191,"Wayne, NC",553.09
37193,"Wilkes, NC",754.28
37195,"Wilson, NC",368.17
37197,"Yadkin, NC",334.83
37199,"Yancey, NC",312.6
38001,"Adams, ND",987.62
38003,"Barnes, ND",1491.55
38005,"Benson, ND",1388.71
38007,"Billings, ND",1148.85
38009,"Bottineau, ND",1668.42
38011,"Bowman, ND",1161.81
38013,"Burke, ND",1103.57
38015,"Burleigh, ND",1632.65
38017,"Cass, ND",1764.94
38019,"Cavalier, ND",1488.75
38021,"Dickey, ND",1131.47
38023,"Divide, ND",1260.79
38025,"Dunn, ND",2008.46
38027,"Eddy, ND",630.17
38029,"Emmons, ND",1510.44
38031,"Foster, ND",635.45
38033,"Golden Valley, ND",1000.79
38035,"Grand Forks, ND",1436.38
38037,"Grant, ND",1659.14
38039,"Griggs, ND",708.82
38041,"Hettinger, ND",1132.22
38043,"Kidder, ND",1351.19
38045,"LaMoure, ND",1145.94
38047,"Logan, ND",992.82
38049,"McHenry, ND",1873.95
38051,"McIntosh, ND",974.73
38053,"McKenzie, ND",2760.32
38055,"McLean, ND",2110.88
38057,"Mercer, ND",1042.96
38059,"Morton, ND",1926.27
38061,"Mountrail, ND",1825.3
38063,"Nelson, ND",981.78
38065,"Oliver, ND",722.51
38067,"Pembina, ND",1118.69
38069,"Pierce, ND",1018.6
38071,"Ramsey, ND",1186.85
38073,"Ransom, ND",862.36
38075,"Renville, ND",877.05
38077,"Richland, ND",1435.78
38079,"Rolette, ND",903.08
38081,"Sargent, ND",858.51
38083,"Sheridan, ND",972.38
38085,"Sioux, ND",1094.09
38087,"Slope, ND",1214.92
38089,"Stark, ND",1334.74
38091,"Steele, ND",712.22
38093,"Stutsman, ND",2221.72
38095,"Towner, ND",1024.56
38097,"Traill, ND",861.95
38099,"Walsh, ND",1281.93
38101,"Ward, ND",2013.28
38103,"Wells, ND",1271.05
38105,"Williams, ND",2077.4
39001,"Adams, OH",583.87
39003,"Allen, OH",402.5
39005,"Ashland, OH",422.95
39007,"Ashtabula, OH",701.93
39009,"Athens, OH",503.6
39011,"Auglaize, OH",401.39
39013,"Belmont, OH",532.13
39015,"Brown, OH",490.02
39017,"Butler, OH",467.06
39019,"Carroll, OH",394.61
39021,"Champaign, OH",428.67
39023,"Clark, OH",397.47
39025,"Clermont, OH",452.1
39027,"Clinton, OH",408.68
39029,"Columbiana, OH",531.89
39031,"Coshocton, OH",563.91
39033,"Crawford, OH",401.79
39035,"Cuyahoga, OH",457.19
39037,"Darke, OH",598.1
39039,"Defiance, OH",411.46
39041,"Delaware, OH",443.1
39043,"Erie, OH",251.56
39045,"Fairfield, OH",504.41
39047,"Fayette, OH",406.36
39049,"Franklin, OH",532.19
39051,"Fulton, OH",405.44
39053,"Gallia, OH",466.53
39055,"Geauga, OH",400.16
39057,"Greene, OH",413.73
39059,"Guernsey, OH",522.25
39061,"Hamilton, OH",405.91
39063,"Hancock, OH",531.36
39065,"Hardin, OH",470.41
39067,"Harrison, OH",402.34
39069,"Henry, OH",416.01
39071,"Highland, OH",553.08
39073,"Hocking, OH",421.32
39075,"Holmes, OH",422.53
39077,"Huron, OH",491.5
39079,"Jackson, OH",420.3
39081,"Jefferson, OH",408.33
39083,"Knox, OH",525.49
39085,"Lake, OH",227.49
39087,"Lawrence, OH",453.37
39089,"Licking, OH",682.5
39091,"Logan, OH",458.43
39093,"Lorain, OH",491.1
39095,"Lucas, OH",340.86
39097,"Madison, OH",465.88
39099,"Mahoning, OH",411.62
39101,"Marion, OH",403.76
39103,"Medina, OH",421.36
39105,"Meigs, OH",430.1
39107,"Mercer, OH",462.45
39109,"Miami, OH",406.58
39111,"Monroe, OH",455.72
39113,"Montgomery, OH",461.55
39115,"Morgan, OH",416.42
39117,"Morrow, OH",406.08
39119,"Muskingum, OH",664.58
39121,"Noble, OH",398.01
39123,"Ottawa, OH",254.92
39125,"Paulding, OH",416.44
39127,"Perry, OH",407.97
39129,"Pickaway, OH",501.32
39131,"Pike, OH",440.28
39133,"Portage, OH",487.38
39135,"Preble, OH",424.12
39137,"Putnam, OH",482.52
39139,"Richland, OH",495.27
39141,"Ross, OH",689.19
39143,"Sandusky, OH",408.45
39145,"Scioto, OH",610.21
39147,"Seneca, OH",551.02
39149,"Shelby, OH",407.68
39151,"Stark, OH",575.27
39153,"Summit, OH",412.75
39155,"Trumbull, OH",618.3
39157,"Tuscarawas, OH",567.64
39159,"Union, OH",431.73
39161,"Van Wert, OH",409.16
39163,"Vinton, OH",412.36
39165,"Warren, OH",401.31
39167,"Washington, OH",631.97
39169,"Wayne, OH",554.93
39171,"Williams, OH",420.97
39173,"Wood, OH",617.21
39175,"Wyandot, OH",406.87
40001,"Adair, OK",573.48
40003,"Alfalfa, OK",866.46
40005,"Atoka, OK",975.52
40007,"Beaver, OK",1814.67
40009,"Beckham, OK",901.81
40011,"Blaine, OK",928.42
40013,"Bryan, OK",904.47
40015,"Caddo, OK",1278.29
40017,"Canadian, OK",896.63
40019,"Carter, OK",822.18
40021,"Cherokee, OK",749.41
40023,"Choctaw, OK",770.36
40025,"Cimarron, OK",1834.74
40027,"Cleveland, OK",538.77
40029,"Coal, OK",516.68
40031,"Comanche, OK",1069.29
40033,"Cotton, OK",632.65
40035,"Craig, OK",761.35
40037,"Creek, OK",950.14
40039,"Custer, OK",988.82
40041,"Delaware, OK",738.18
40043,"Dewey, OK",999.48
40045,"Ellis, OK",1231.52
40047,"Garfield, OK",1058.47
40049,"Garvin, OK",802.12
40051,"Grady, OK",1100.5
40053,"Grant, OK",1000.87
40055,"Greer, OK",639.32
40057,"Harmon, OK",537.19
40059,"Harper, OK",1039.02
40061,"Haskell, OK",576.52
40063,"Hughes, OK",804.65
40065,"Jackson, OK",802.65
40067,"Jefferson, OK",758.83
40069,"Johnston, OK",642.94
40071,"Kay, OK",919.73
40073,"Kingfisher, OK",898.16
40075,"Kiowa, OK",1015.23
40077,"Latimer, OK",722.08
40079,"Le Flore, OK",1589.21
40081,"Lincoln, OK",952.31
40083,"Logan, OK",743.83
40085,"Love, OK",514.0
40087,"McClain, OK",570.7
40089,"McCurtain, OK",1850.01
40091,"McIntosh, OK",618.5
40093,"Major, OK",954.99
40095,"Marshall, OK",371.08
40097,"Mayes, OK",655.39
40099,"Murray, OK",416.46
40101,"Muskogee, OK",810.45
40103,"Noble, OK",731.9
40105,"Nowata, OK",565.78
40107,"Okfuskee, OK",618.57
40109,"Oklahoma, OK",708.82
40111,"Okmulgee, OK",697.35
40113,"Osage, OK",2246.36
40115,"Ottawa, OK",470.82
40117,"Pawnee, OK",567.96
40119,"Payne, OK",684.7
40121,"Pittsburg, OK",1305.46
40123,"Pontotoc, OK",720.44
40125,"Pottawatomie, OK",787.67
40127,"Pushmataha, OK",1395.84
40129,"Roger Mills, OK",1141.14
40131,"Rogers, OK",675.63
40133,"Seminole, OK",632.84
40135,"Sequoyah, OK",673.27
40137,"Stephens, OK",870.24
40139,"Texas, OK",2041.26
40141,"Tillman, OK",871.13
40143,"Tulsa, OK",570.25
40145,"Wagoner, OK",561.56
40147,"Washington, OK",415.45
40149,"Washita, OK",1003.17
40151,"Woods, OK",1286.45
40153,"Woodward, OK",1242.4
41001,"Baker, OR",3068.36
41003,"Benton, OR",675.94
41005,"Clackamas, OR",1870.32
41007,"Clatsop, OR",829.05
41009,"Columbia, OR",657.36
41011,"Coos, OR",1596.17
41013,"Crook, OR",2979.09
41015,"Curry, OR",1627.46
41017,"Deschutes, OR",3018.19
41019,"Douglas, OR",5036.08
41021,"Gilliam, OR",1204.81
41023,"Grant, OR",4528.54
41025,"Harney, OR",10133.17
41027,"Hood River, OR",521.95
41029,"Jackson, OR",2783.55
41031,"Jefferson, OR",1780.79
41033,"Josephine, OR",1639.67
41035,"Klamath, OR",5941.05
41037,"Lake, OR",8138.98
41039,"Lane, OR",4553.12
41041,"Lincoln, OR",979.77
41043,"Linn, OR",2290.13
41045,"Malheur, OR",9887.53
41047,"Marion, OR",1182.33
41049,"Morrow, OR",2031.61
41051,"Multnomah, OR",431.3
41053,"Polk, OR",740.79
41055,"Sherman, OR",823.69
41057,"Tillamook, OR",1102.58
41059,"Umatilla, OR",3215.51
41061,"Union, OR",2036.61
41063,"Wallowa, OR",3146.19
41065,"Wasco, OR",2381.52
41067,"Washington, OR",724.23
41069,"Wheeler, OR",1714.75
41071,"Yamhill, OR",715.86
42001,"Adams, PA",518.67
42003,"Allegheny, PA",730.08
42005,"Armstrong, PA",653.2
42007,"Beaver, PA",434.71
42009,"Bedford, PA",1012.3
42011,"Berks, PA",856.51
42013,"Blair, PA",525.8
42015,"Bradford, PA",1147.4
42017,"Bucks, PA",604.31
42019,"Butler, PA",788.6
42021,"Cambria, PA",688.35
42023,"Cameron, PA",396.23
42025,"Carbon, PA",381.46
42027,"Centre, PA",1109.92
42029,"Chester, PA",750.51
42031,"Clarion, PA",600.83
42033,"Clearfield, PA",1144.72
42035,"Clinton, PA",887.98
42037,"Columbia, PA",483.11
42039,"Crawford, PA",1012.3
42041,"Cumberland, PA",545.46
42043,"Dauphin, PA",525.05
42045,"Delaware, PA",183.84
42047,"Elk, PA",827.36
42049,"Erie, PA",799.15
42051,"Fayette, PA",790.34
42053,"Forest, PA",427.19
42055,"Franklin, PA",772.22
42057,"Fulton, PA",437.55
42059,"Greene, PA",575.95
42061,"Huntingdon, PA",874.64
42063,"Indiana, PA",827.03
42065,"Jefferson, PA",652.43
42067,"Juniata, PA",391.35
42069,"Lackawanna, PA",459.08
42071,"Lancaster, PA",943.81
42073,"Lawrence, PA",358.18
42075,"Lebanon, PA",361.83
42077,"Lehigh, PA",345.17
42079,"Luzerne, PA",890.33
42081,"Lycoming, PA",1228.59
42083,"McKean, PA",979.2
42085,"Mercer, PA",672.58
42087,"Mifflin, PA",411.03
42089,"Monroe, PA",608.29
42091,"Montgomery, PA",483.04
42093,"Montour, PA",130.24
42095,"Northampton, PA",369.67
42097,"Northumberland, PA",458.37
42099,"Perry, PA",551.45
42101,"Philadelphia, PA",134.1
42103,"Pike, PA",544.96
42105,"Potter, PA",1081.32
42107,"Schuylkill, PA",778.63
42109,"Snyder, PA",328.71
42111,"Somerset, PA",1074.37
42113,"Sullivan, PA",449.94
42115,"Susquehanna, PA",823.44
42117,"Tioga, PA",1133.79
42119,"Union, PA",315.98
42121,"Venango, PA",674.28
42123,"Warren, PA",884.14
42125,"Washington, PA",856.99
42127,"Wayne, PA",725.6
42129,"Westmoreland, PA",1027.55
42131,"Wyoming, PA",397.32
42133,"York, PA",904.18
44001,"Bristol, RI",24.16
44003,"Kent, RI",168.53
44005,"Newport, RI",102.39
44007,"Providence, RI",409.5
44009,"Washington, RI",329.24
45001,"Abbeville, SC",490.48
45003,"Aiken, SC",1071.03
45005,"Allendale, SC",408.09
45007,"Anderson, SC",715.43
45009,"Bamberg, SC",393.37
45011,"Barnwell, SC",548.39
45013,"Beaufort, SC",576.28
45015,"Berkeley, SC",1098.86
45017,"Calhoun, SC",381.15
45019,"Charleston, SC",916.09
45021,"Cherokee, SC",392.66
45023,"Chester, SC",580.66
45025,"Chesterfield, SC",799.08
45027,"Clarendon, SC",606.94
45029,"Colleton, SC",1056.49
45031,"Darlington, SC",561.15
45033,"Dillon, SC",404.87
45035,"Dorchester, SC",573.23
45037,"Edgefield, SC",500.41
45039,"Fairfield, SC",686.28
45041,"Florence, SC",799.96
45043,"Georgetown, SC",813.55
45045,"Greenville, SC",785.12
45047,"Greenwood, SC",454.73
45049,"Hampton, SC",559.9
45051,"Horry, SC",1133.9
45053,"Jasper, SC",655.32
45055,"Kershaw, SC",726.56
45057,"Lancaster, SC",549.16
45059,"Laurens, SC",713.8
45061,"Lee, SC",410.18
45063,"Lexington, SC",698.91
45065,"McCormick, SC",359.13
45067,"Marion, SC",489.23
45069,"Marlboro, SC",479.67
45071,"Newberry, SC",630.04
45073,"Oconee, SC",626.33
45075,"Orangeburg, SC",1106.1
45077,"Pickens, SC",496.41
45079,"Richland, SC",757.07
45081,"Saluda, SC",452.78
45083,"Spartanburg, SC",807.93
45085,"Sumter, SC",665.07
45087,"Union, SC",514.17
45089,"Williamsburg, SC",934.16
45091,"York, SC",680.6
46003,"Aurora, SD",708.43
46005,"Beadle, SD",1258.71
46007,"Bennett, SD",1184.71
46009,"Bon Homme, SD",563.7
46011,"Brookings, SD",792.21
46013,"Brown, SD",1712.98
46015,"Brule, SD",817.24
46017,"Buffalo, SD",471.38
46019,"Butte, SD",2249.9
46021,"Campbell, SD",733.68
46023,"Charles Mix, SD",1097.49
46025,"Clark, SD",957.6
46027,"Clay, SD",412.19
46029,"Codington, SD",688.5
46031,"Corson, SD",2469.69
46033,"Custer, SD",1557.0
46035,"Davison, SD",435.56
46037,"Day, SD",1027.87
46039,"Deuel, SD",622.69
46041,"Dewey, SD",2302.49
46043,"Douglas, SD",431.8
46045,"Edmunds, SD",1125.96
46047,"Fall River, SD",1739.92
46049,"Faulk, SD",981.75
46051,"Grant, SD",681.46
46053,"Gregory, SD",1014.96
46055,"Haakon, SD",1810.53
46057,"Hamlin, SD",507.23
46059,"Hand, SD",1436.61
46061,"Hanson, SD",434.51
46063,"Harding, SD",2671.38
46065,"Hughes, SD",741.56
46067,"Hutchinson, SD",812.9
46069,"Hyde, SD",860.52
46071,"Jackson, SD",1863.91
46073,"Jerauld, SD",526.23
46075,"Jones, SD",969.68
46077,"Kingsbury, SD",832.24
46079,"Lake, SD",563.28
46081,"Lawrence, SD",800.04
46083,"Lincoln, SD",577.28
46085,"Lyman, SD",1641.94
46087,"McCook, SD",574.2
46089,"McPherson, SD",1136.64
46091,"Marshall, SD",838.07
46093,"Meade, SD",3470.98
46095,"Mellette, SD",1307.31
46097,"Miner, SD",570.31
46099,"Minnehaha, SD",807.15
46101,"Moody, SD",519.39
46103,"Pennington, SD",2776.55
46105,"Perkins, SD",2870.48
46107,"Potter, SD",861.14
46109,"Roberts, SD",1101.04
46111,"Sanborn, SD",569.32
46102,"Shannon, SD",2093.9
46115,"Spink, SD",1503.93
46117,"Stanley, SD",1444.43
46119,"Sully, SD",1006.82
46121,"Todd, SD",1388.56
46123,"Tripp, SD",1612.45
46125,"Turner, SD",617.06
46127,"Union, SD",460.54
46129,"Walworth, SD",708.63
46135,"Yankton, SD",521.16
46137,"Ziebach, SD",1961.27
47001,"Anderson, TN",337.16
47003,"Bedford, TN",473.64
47005,"Benton, TN",394.14
47007,"Bledsoe, TN",406.43
47009,"Blount, TN",558.71
47011,"Bradley, TN",328.76
47013,"Campbell, TN",480.19
47015,"Cannon, TN",265.64
47017,"Carroll, TN",599.25
47019,"Carter, TN",341.2
47021,"Cheatham, TN",302.44
47023,"Chester, TN",285.74
47025,"Claiborne, TN",434.58
47027,"Clay, TN",236.54
47029,"Cocke, TN",434.57
47031,"Coffee, TN",428.96
47033,"Crockett, TN",265.54
47035,"Cumberland, TN",681.03
47037,"Davidson, TN",504.03
47039,"Decatur, TN",333.85
47041,"DeKalb, TN",304.35
47043,"Dickson, TN",489.9
47045,"Dyer, TN",512.33
47047,"Fayette, TN",704.79
47049,"Fentress, TN",498.61
47051,"Franklin, TN",554.54
47053,"Gibson, TN",602.74
47055,"Giles, TN",610.93
47057,"Grainger, TN",280.6
47059,"Greene, TN",622.17
47061,"Grundy, TN",360.53
47063,"Hamblen, TN",161.18
47065,"Hamilton, TN",542.43
47067,"Hancock, TN",222.34
47069,"Hardeman, TN",667.77
47071,"Hardin, TN",577.32
47073,"Hawkins, TN",486.98
47075,"Haywood, TN",533.11
47077,"Henderson, TN",520.07
47079,"Henry, TN",562.1
47081,"Hickman, TN",612.5
47083,"Houston, TN",200.29
47085,"Humphreys, TN",530.98
47087,"Jackson, TN",308.32
47089,"Jefferson, TN",274.08
47091,"Johnson, TN",298.48
47093,"Knox, TN",508.22
47095,"Lake, TN",165.78
47097,"Lauderdale, TN",471.99
47099,"Lawrence, TN",617.13
47101,"Lewis, TN",282.09
47103,"Lincoln, TN",570.34
47105,"Loudon, TN",229.22
47107,"McMinn, TN",430.13
47109,"McNairy, TN",562.86
47111,"Macon, TN",307.14
47113,"Madison, TN",557.12
47115,"Marion, TN",498.16
47117,"Marshall, TN",375.46
47119,"Maury, TN",613.14
47121,"Meigs, TN",195.12
47123,"Monroe, TN",635.57
47125,"Montgomery, TN",539.18
47127,"Moore, TN",129.22
47129,"Morgan, TN",522.18
47131,"Obion, TN",544.73
47133,"Overton, TN",433.48
47135,"Perry, TN",414.73
47137,"Pickett, TN",162.98
47139,"Polk, TN",434.68
47141,"Putnam, TN",401.1
47143,"Rhea, TN",315.38
47145,"Roane, TN",360.71
47147,"Robertson, TN",476.29
47149,"Rutherford, TN",619.36
47151,"Scott, TN",532.3
47153,"Sequatchie, TN",265.86
47155,"Sevier, TN",592.5
47157,"Shelby, TN",763.17
47159,"Smith, TN",314.29
47161,"Stewart, TN",459.33
47163,"Sullivan, TN",413.36
47165,"Sumner, TN",529.45
47167,"Tipton, TN",458.37
47169,"Trousdale, TN",114.19
47171,"Unicoi, TN",186.17
47173,"Union, TN",223.55
47175,"Van Buren, TN",273.42
47177,"Warren, TN",432.68
47179,"Washington, TN",326.47
47181,"Wayne, TN",734.1
47183,"Weakley, TN",580.36
47185,"White, TN",376.67
47187,"Williamson, TN",582.6
47189,"Wilson, TN",570.83
48001,"Anderson, TX",1062.6
48003,"Andrews, TX",1500.71
48005,"Angelina, TX",797.78
48007,"Aransas, TX",252.07
48009,"Archer, TX",903.11
48011,"Armstrong, TX",909.11
48013,"Atascosa, TX",1219.54
48015,"Austin, TX",646.51
48017,"Bailey, TX",826.8
48019,"Bandera, TX",790.96
48021,"Bastrop, TX",888.15
48023,"Baylor, TX",867.48
48025,"Bee, TX",880.24
48027,"Bell, TX",1051.02
48029,"Bexar, TX",1239.82
48031,"Blanco, TX",709.25
48033,"Borden, TX",897.44
48035,"Bosque, TX",982.98
48037,"Bowie, TX",885.01
48039,"Brazoria, TX",1357.7
48041,"Brazos, TX",585.45
48043,"Brewster, TX",6183.73
48045,"Briscoe, TX",900.0
48047,"Brooks, TX",943.36
48049,"Brown, TX",944.43
48051,"Burleson, TX",659.03
48053,"Burnet, TX",994.26
48055,"Caldwell, TX",545.26
48057,"Calhoun, TX",506.84
48059,"Callahan, TX",899.37
48061,"Cameron, TX",890.92
48063,"Camp, TX",195.83
48065,"Carson, TX",920.22
48067,"Cass, TX",936.96
48069,"Castro, TX",894.43
48071,"Chambers, TX",597.14
48073,"Cherokee, TX",1052.91
48075,"Childress, TX",696.41
48077,"Clay, TX",1088.72
48079,"Cochran, TX",775.15
48081,"Coke, TX",911.47
48083,"Coleman, TX",1261.95
48085,"Collin, TX",841.23
48087,"Collingsworth, TX",918.44
48089,"Colorado, TX",960.27
48091,"Comal, TX",559.48
48093,"Comanche, TX",937.75
48095,"Concho, TX",983.8
48097,"Cooke, TX",874.76
48099,"Coryell, TX",1052.07
48101,"Cottle, TX",900.56
48103,"Crane, TX",785.07
48105,"Crockett, TX",2807.33
48107,"Crosby, TX",900.2
48109,"Culberson, TX",3812.8
48111,"Dallam, TX",1503.26
48113,"Dallas, TX",871.28
48115,"Dawson, TX",900.31
48117,"Deaf Smith, TX",1496.87
48119,"Delta, TX",256.83
48121,"Denton, TX",878.43
48123,"DeWitt, TX",908.98
48125,"Dickens, TX",901.72
48127,"Dimmit, TX",1328.88
48129,"Donley, TX",926.89
48131,"Duval, TX",1793.48
48133,"Eastland, TX",926.49
48135,"Ector, TX",897.69
48137,"Edwards, TX",2117.86
48139,"Ellis, TX",935.49
48141,"El Paso, TX",1012.69
48143,"Erath, TX",1083.07
48145,"Falls, TX",765.48
48147,"Fannin, TX",890.84
48149,"Fayette, TX",950.01
48151,"Fisher, TX",898.94
48153,"Floyd, TX",992.14
48155,"Foard, TX",704.4
48157,"Fort Bend, TX",861.48
48159,"Franklin, TX",284.39
48161,"Freestone, TX",877.74
48163,"Frio, TX",1133.5
48165,"Gaines, TX",1502.38
48167,"Galveston, TX",378.36
48169,"Garza, TX",893.41
48171,"Gillespie, TX",1058.21
48173,"Glasscock, TX",900.22
48175,"Goliad, TX",852.01
48177,"Gonzales, TX",1066.69
48179,"Gray, TX",925.97
48181,"Grayson, TX",932.8
48183,"Gregg, TX",273.3
48185,"Grimes, TX",787.46
48187,"Guadalupe, TX",711.3
48189,"Hale, TX",1004.68
48191,"Hall, TX",883.49
48193,"Hamilton, TX",835.91
48195,"Hansford, TX",919.81
48197,"Hardeman, TX",695.11
48199,"Hardin, TX",890.57
48201,"Harris, TX",1703.48
48203,"Harrison, TX",899.95
48205,"Hartley, TX",1462.03
48207,"Haskell, TX",903.13
48209,"Hays, TX",677.98
48211,"Hemphill, TX",906.29
48213,"Henderson, TX",873.75
48215,"Hidalgo, TX",1570.87
48217,"Hill, TX",958.86
48219,"Hockley, TX",908.39
48221,"Hood, TX",420.64
48223,"Hopkins, TX",767.17
48225,"Houston, TX",1230.91
48227,"Howard, TX",900.79
48229,"Hudspeth, TX",4570.98
48231,"Hunt, TX",840.32
48233,"Hutchinson, TX",887.42
48235,"Irion, TX",1051.56
48237,"Jack, TX",910.66
48239,"Jackson, TX",829.44
48241,"Jasper, TX",938.85
48243,"Jeff Davis, TX",2264.56
48245,"Jefferson, TX",876.3
48247,"Jim Hogg, TX",1136.14
48249,"Jim Wells, TX",864.97
48251,"Johnson, TX",724.69
48253,"Jones, TX",928.55
48255,"Karnes, TX",747.56
48257,"Kaufman, TX",780.7
48259,"Kendall, TX",662.45
48261,"Kenedy, TX",1458.33
48263,"Kent, TX",902.51
48265,"Kerr, TX",1103.32
48267,"Kimble, TX",1250.99
48269,"King, TX",910.87
48271,"Kinney, TX",1360.06
48273,"Kleberg, TX",881.31
48275,"Knox, TX",850.62
48277,"Lamar, TX",907.19
48279,"Lamb, TX",1016.18
48281,"Lampasas, TX",712.84
48283,"La Salle, TX",1486.69
48285,"Lavaca, TX",969.71
48287,"Lee, TX",629.02
48289,"Leon, TX",1073.15
48291,"Liberty, TX",1158.42
48293,"Limestone, TX",905.29
48295,"Lipscomb, TX",932.18
48297,"Live Oak, TX",1039.7
48299,"Llano, TX",934.03
48301,"Loving, TX",668.93
48303,"Lubbock, TX",895.6
48305,"Lynn, TX",891.87
48307,"McCulloch, TX",1065.6
48309,"McLennan, TX",1037.1
48311,"McMullen, TX",1139.43
48313,"Madison, TX",466.07
48315,"Marion, TX",380.88
48317,"Martin, TX",914.94
48319,"Mason, TX",928.8
48321,"Matagorda, TX",1100.28
48323,"Maverick, TX",1279.26
48325,"Medina, TX",1325.36
48327,"Menard, TX",902.03
48329,"Midland, TX",900.3
48331,"Milam, TX",1016.93
48333,"Mills, TX",748.26
48335,"Mitchell, TX",911.09
48337,"Montague, TX",930.91
48339,"Montgomery, TX",1041.74
48341,"Moore, TX",899.69
48343,"Morris, TX",251.99
48345,"Motley, TX",989.56
48347,"Nacogdoches, TX",946.54
48349,"Navarro, TX",1009.63
48351,"Newton, TX",933.68
48353,"Nolan, TX",912.0
48355,"Nueces, TX",838.48
48357,"Ochiltree, TX",917.63
48359,"Oldham, TX",1500.53
48361,"Orange, TX",333.67
48363,"Palo Pinto, TX",951.79
48365,"Panola, TX",801.75
48367,"Parker, TX",903.48
48369,"Parmer, TX",880.78
48371,"Pecos, TX",4763.85
48373,"Polk, TX",1057.09
48375,"Potter, TX",908.37
48377,"Presidio, TX",3855.24
48379,"Rains, TX",229.45
48381,"Randall, TX",911.54
48383,"Reagan, TX",1175.3
48385,"Real, TX",699.2
48387,"Red River, TX",1036.58
48389,"Reeves, TX",2635.38
48391,"Refugio, TX",770.44
48393,"Roberts, TX",924.06
48395,"Robertson, TX",855.68
48397,"Rockwall, TX",127.04
48399,"Runnels, TX",1050.95
48401,"Rusk, TX",924.03
48403,"Sabine, TX",491.39
48405,"San Augustine, TX",530.66
48407,"San Jacinto, TX",569.24
48409,"San Patricio, TX",693.45
48411,"San Saba, TX",1135.3
48413,"Schleicher, TX",1310.63
48415,"Scurry, TX",905.44
48417,"Shackelford, TX",914.29
48419,"Shelby, TX",795.58
48421,"Sherman, TX",923.04
48423,"Smith, TX",921.45
48425,"Somervell, TX",186.46
48427,"Starr, TX",1223.18
48429,"Stephens, TX",896.72
48431,"Sterling, TX",923.45
48433,"Stonewall, TX",916.31
48435,"Sutton, TX",1453.93
48437,"Swisher, TX",890.16
48439,"Tarrant, TX",863.61
48441,"Taylor, TX",915.55
48443,"Terrell, TX",2358.03
48445,"Terry, TX",888.84
48447,"Throckmorton, TX",912.55
48449,"Titus, TX",406.05
48451,"Tom Green, TX",1521.97
48453,"Travis, TX",990.2
48455,"Trinity, TX",693.61
48457,"Tyler, TX",924.5
48459,"Upshur, TX",582.95
48461,"Upton, TX",1241.32
48463,"Uvalde, TX",1551.95
48465,"Val Verde, TX",3144.75
48467,"Van Zandt, TX",842.56
48469,"Victoria, TX",882.14
48471,"Walker, TX",784.17
48473,"Waller, TX",513.43
48475,"Ward, TX",835.6
48477,"Washington, TX",603.95
48479,"Webb, TX",3361.48
48481,"Wharton, TX",1086.15
48483,"Wheeler, TX",914.52
48485,"Wichita, TX",627.78
48487,"Wilbarger, TX",970.84
48489,"Willacy, TX",590.55
48491,"Williamson, TX",1118.3
48493,"Wilson, TX",803.73
48495,"Winkler, TX",841.11
48497,"Wise, TX",904.42
48499,"Wood, TX",645.23
48501,"Yoakum, TX",799.71
48503,"Young, TX",914.47
48505,"Zapata, TX",998.41
48507,"Zavala, TX",1297.41
49001,"Beaver, UT",2589.88
49003,"Box Elder, UT",5745.55
49005,"Cache, UT",1164.81
49007,"Carbon, UT",1478.49
49009,"Daggett, UT",696.98
49011,"Davis, UT",298.78
49013,"Duchesne, UT",3240.95
49015,"Emery, UT",4462.31
49017,"Garfield, UT",5175.12
49019,"Grand, UT",3671.54
49021,"Iron, UT",3296.68
49023,"Juab, UT",3392.28
49025,"Kane, UT",3990.23
49027,"Millard, UT",6572.43
49029,"Morgan, UT",609.2
49031,"Piute, UT",757.79
49033,"Rich, UT",1028.78
49035,"Salt Lake, UT",742.28
49037,"San Juan, UT",7819.99
49039,"Sanpete, UT",1590.15
49041,"Sevier, UT",1910.58
49043,"Summit, UT",1871.71
49045,"Tooele, UT",6941.35
49047,"Uintah, UT",4479.69
49049,"Utah, UT",2003.45
49051,"Wasatch, UT",1175.5
49053,"Washington, UT",2426.36
49055,"Wayne, UT",2460.68
49057,"Weber, UT",576.08
50001,"Addison, VT",766.33
50003,"Bennington, VT",674.98
50005,"Caledonia, VT",648.86
50007,"Chittenden, VT",536.58
50009,"Essex, VT",663.6
50011,"Franklin, VT",633.71
50013,"Grand Isle, VT",81.81
50015,"Lamoille, VT",458.8
50017,"Orange, VT",687.03
50019,"Orleans, VT",693.27
50021,"Rutland, VT",929.82
50023,"Washington, VT",687.23
50025,"Windham, VT",785.31
50027,"Windsor, VT",969.34
51001,"Accomack, VA",449.5
51003,"Albemarle, VA",720.7
51005,"Alleghany, VA",445.46
51007,"Amelia, VA",355.27
51009,"Amherst, VA",473.93
51011,"Appomattox, VA",333.49
51013,"Arlington, VA",25.97
51015,"Augusta, VA",967.0
51017,"Bath, VA",529.16
51019,"Bedford, VA",753.02
51021,"Bland, VA",357.73
51023,"Botetourt, VA",541.2
51025,"Brunswick, VA",566.17
51027,"Buchanan, VA",502.76
51029,"Buckingham, VA",579.66
51031,"Campbell, VA",503.87
51033,"Caroline, VA",527.51
51035,"Carroll, VA",474.69
51036,"Charles City, VA",182.82
51037,"Charlotte, VA",475.27
51041,"Chesterfield, VA",423.3
51043,"Clarke, VA",176.18
51045,"Craig, VA",329.53
51047,"Culpeper, VA",379.23
51049,"Cumberland, VA",297.46
51051,"Dickenson, VA",330.53
51053,"Dinwiddie, VA",503.72
51057,"Essex, VA",257.12
51059,"Fairfax, VA",390.97
51061,"Fauquier, VA",647.45
51063,"Floyd, VA",380.42
51065,"Fluvanna, VA",286.01
51067,"Franklin, VA",690.43
51069,"Frederick, VA",413.5
51071,"Giles, VA",355.78
51073,"Gloucester, VA",217.81
51075,"Goochland, VA",281.42
51077,"Grayson, VA",442.18
51079,"Greene, VA",156.25
51081,"Greensville, VA",295.23
51083,"Halifax, VA",817.84
51085,"Hanover, VA",468.54
51087,"Henrico, VA",233.7
51089,"Henry, VA",382.33
51091,"Highland, VA",415.16
51093,"Isle of Wight, VA",315.61
51095,"James City, VA",142.44
51097,"King and Queen, VA",315.14
51099,"King George, VA",179.64
51101,"King William, VA",273.94
51103,"Lancaster, VA",133.25
51105,"Lee, VA",435.52
51107,"Loudoun, VA",515.56
51109,"Louisa, VA",496.3
51111,"Lunenburg, VA",431.68
51113,"Madison, VA",320.68
51115,"Mathews, VA",85.93
51117,"Mecklenburg, VA",625.49
51119,"Middlesex, VA",130.31
51121,"Montgomery, VA",387.01
51125,"Nelson, VA",470.86
51127,"New Kent, VA",209.73
51131,"Northampton, VA",211.61
51133,"Northumberland, VA",191.3
51135,"Nottoway, VA",314.39
51137,"Orange, VA",340.78
51139,"Page, VA",310.86
51141,"Patrick, VA",483.1
51143,"Pittsylvania, VA",968.94
51145,"Powhatan, VA",260.22
51147,"Prince Edward, VA",349.96
51149,"Prince George, VA",265.16
51153,"Prince William, VA",336.4
51155,"Pulaski, VA",319.86
51157,"Rappahannock, VA",266.23
51159,"Richmond, VA",191.49
51161,"Roanoke, VA",250.52
51163,"Rockbridge, VA",597.56
51165,"Rockingham, VA",849.09
51167,"Russell, VA",473.82
51169,"Scott, VA",535.53
51171,"Shenandoah, VA",508.78
51173,"Smyth, VA",450.93
51175,"Southampton, VA",599.15
51177,"Spotsylvania, VA",401.5
51179,"Stafford, VA",268.96
51181,"Surry, VA",278.95
51183,"Sussex, VA",490.22
51185,"Tazewell, VA",518.85
51187,"Warren, VA",213.47
51191,"Washington, VA",560.98
51193,"Westmoreland, VA",229.38
51195,"Wise, VA",403.19
51197,"Wythe, VA",461.82
51199,"York, VA",104.78
51510,"Alexandria, VA",15.03
51520,"Bristol, VA",13.01
51530,"Buena Vista, VA",6.7
51540,"Charlottesville, VA",10.24
51550,"Chesapeake, VA",340.8
51570,"Colonial Heights, VA",7.52
51580,"Covington, VA",5.47
51590,"Danville, VA",42.93
51595,"Emporia, VA",6.89
51600,"Fairfax, VA",6.24
51610,"Falls Church, VA",2.0
51620,"Franklin, VA",8.21
51630,"Fredericksburg, VA",10.44
51640,"Galax, VA",8.24
51650,"Hampton, VA",51.41
51660,"Harrisonburg, VA",17.42
51670,"Hopewell, VA",10.28
51678,"Lexington, VA",2.5
51680,"Lynchburg, VA",49.13
51683,"Manassas, VA",9.88
51685,"Manassas Park, VA",2.53
51690,"Martinsville, VA",10.96
51700,"Newport News, VA",68.71
51710,"Norfolk, VA",54.12
51720,"Norton, VA",7.48
51730,"Petersburg, VA",22.93
51735,"Poquoson, VA",15.32
51740,"Portsmouth, VA",33.65
51750,"Radford, VA",9.87
51760,"Richmond, VA",59.81
51770,"Roanoke, VA",42.56
51775,"Salem, VA",14.44
51790,"Staunton, VA",19.98
51800,"Suffolk, VA",400.17
51810,"Virginia Beach, VA",249.02
51820,"Waynesboro, VA",15.04
51830,"Williamsburg, VA",9.02
51840,"Winchester, VA",9.23
53001,"Adams, WA",1924.98
53003,"Asotin, WA",636.21
53005,"Benton, WA",1700.38
53007,"Chelan, WA",2920.53
53009,"Clallam, WA",1738.33
53011,"Clark, WA",629.0
53013,"Columbia, WA",868.63
53015,"Cowlitz, WA",1140.13
53017,"Douglas, WA",1819.26
53019,"Ferry, WA",2203.16
53021,"Franklin, WA",1242.17
53023,"Garfield, WA",710.69
53025,"Grant, WA",2679.51
53027,"Grays Harbor, WA",1902.03
53029,"Island, WA",208.45
53031,"Jefferson, WA",1803.7
53033,"King, WA",2115.57
53035,"Kitsap, WA",394.94
53037,"Kittitas, WA",2297.27
53039,"Klickitat, WA",1871.31
53041,"Lewis, WA",2402.8
53043,"Lincoln, WA",2310.49
53045,"Mason, WA",959.42
53047,"Okanogan, WA",5267.98
53049,"Pacific, WA",932.66
53051,"Pend Oreille, WA",1399.99
53053,"Pierce, WA",1669.51
53055,"San Juan, WA",173.92
53057,"Skagit, WA",1731.2
53059,"Skamania, WA",1655.68
53061,"Snohomish, WA",2087.27
53063,"Spokane, WA",1763.79
53065,"Stevens, WA",2477.77
53067,"Thurston, WA",721.96
53069,"Wahkiakum, WA",263.38
53071,"Walla Walla, WA",1270.13
53073,"Whatcom, WA",2106.86
53075,"Whitman, WA",2159.09
53077,"Yakima, WA",4295.4
54001,"Barbour, WV",341.06
54003,"Berkeley, WV",321.14
54005,"Boone, WV",501.54
54007,"Braxton, WV",510.81
54009,"Brooke, WV",89.21
54011,"Cabell, WV",281.02
54013,"Calhoun, WV",279.25
54015,"Clay, WV",341.9
54017,"Doddridge, WV",319.72
54019,"Fayette, WV",661.55
54021,"Gilmer, WV",338.5
54023,"Grant, WV",477.37
54025,"Greenbrier, WV",1019.57
54027,"Hampshire, WV",640.25
54029,"Hancock, WV",82.61
54031,"Hardy, WV",582.31
54033,"Harrison, WV",416.01
54035,"Jackson, WV",464.35
54037,"Jefferson, WV",209.64
54039,"Kanawha, WV",901.59
54041,"Lewis, WV",384.9
54043,"Lincoln, WV",437.04
54045,"Logan, WV",453.74
54047,"McDowell, WV",533.46
54049,"Marion, WV",308.74
54051,"Marshall, WV",305.43
54053,"Mason, WV",430.75
54055,"Mercer, WV",418.99
54057,"Mineral, WV",327.83
54059,"Mingo, WV",423.11
54061,"Monongalia, WV",360.06
54063,"Monroe, WV",472.75
54065,"Morgan, WV",229.07
54067,"Nicholas, WV",646.82
54069,"Ohio, WV",105.82
54071,"Pendleton, WV",696.05
54073,"Pleasants, WV",130.1
54075,"Pocahontas, WV",940.28
54077,"Preston, WV",648.81
54079,"Putnam, WV",345.67
54081,"Raleigh, WV",605.35
54083,"Randolph, WV",1039.68
54085,"Ritchie, WV",451.99
54087,"Roane, WV",483.56
54089,"Summers, WV",360.46
54091,"Taylor, WV",172.77
54093,"Tucker, WV",418.92
54095,"Tyler, WV",256.29
54097,"Upshur, WV",354.64
54099,"Wayne, WV",505.98
54101,"Webster, WV",553.47
54103,"Wetzel, WV",358.06
54105,"Wirt, WV",232.51
54107,"Wood, WV",366.26
54109,"Wyoming, WV",499.45
55001,"Adams, WI",645.65
55003,"Ashland, WI",1045.04
55005,"Barron, WI",862.71
55007,"Bayfield, WI",1477.86
55009,"Brown, WI",529.71
55011,"Buffalo, WI",671.64
55013,"Burnett, WI",821.85
55015,"Calumet, WI",318.24
55017,"Chippewa, WI",1008.37
55019,"Clark, WI",1209.82
55021,"Columbia, WI",765.53
55023,"Crawford, WI",570.66
55025,"Dane, WI",1197.24
55027,"Dodge, WI",875.63
55029,"Door, WI",481.98
55031,"Douglas, WI",1304.14
55033,"Dunn, WI",850.11
55035,"Eau Claire, WI",637.98
55037,"Florence, WI",488.2
55039,"Fond du Lac, WI",719.55
55041,"Forest, WI",1014.07
55043,"Grant, WI",1146.85
55045,"Green, WI",583.96
55047,"Green Lake, WI",349.44
55049,"Iowa, WI",762.58
55051,"Iron, WI",758.17
55053,"Jackson, WI",987.72
55055,"Jefferson, WI",556.47
55057,"Juneau, WI",766.93
55059,"Kenosha, WI",271.99
55061,"Kewaunee, WI",342.52
55063,"La Crosse, WI",451.69
55065,"Lafayette, WI",633.59
55067,"Langlade, WI",870.64
55069,"Lincoln, WI",878.97
55071,"Manitowoc, WI",589.08
55073,"Marathon, WI",1544.98
55075,"Marinette, WI",1399.35
55077,"Marquette, WI",455.6
55078,"Menominee, WI",357.61
55079,"Milwaukee, WI",241.4
55081,"Monroe, WI",900.78
55083,"Oconto, WI",997.99
55085,"Oneida, WI",1112.97
55087,"Outagamie, WI",637.52
55089,"Ozaukee, WI",233.08
55091,"Pepin, WI",231.98
55093,"Pierce, WI",573.75
55095,"Polk, WI",913.96
55097,"Portage, WI",800.68
55099,"Price, WI",1254.38
55101,"Racine, WI",332.5
55103,"Richland, WI",586.15
55105,"Rock, WI",718.14
55107,"Rusk, WI",913.59
55109,"St. Croix, WI",722.33
55111,"Sauk, WI",830.9
55113,"Sawyer, WI",1257.31
55115,"Shawano, WI",893.06
55117,"Sheboygan, WI",511.27
55119,"Taylor, WI",974.88
55121,"Trempealeau, WI",732.97
55123,"Vernon, WI",791.58
55125,"Vilas, WI",856.6
55127,"Walworth, WI",555.13
55129,"Washburn, WI",797.11
55131,"Washington, WI",430.7
55133,"Waukesha, WI",549.57
55135,"Waupaca, WI",747.71
55137,"Waushara, WI",626.15
55139,"Winnebago, WI",434.49
55141,"Wood, WI",793.12
56001,"Albany, WY",4273.84
56003,"Big Horn, WY",3137.1
56005,"Campbell, WY",4802.71
56007,"Carbon, WY",7897.58
56009,"Converse, WY",4254.88
56011,"Crook, WY",2854.41
56013,"Fremont, WY",9183.81
56015,"Goshen, WY",2225.39
56017,"Hot Springs, WY",2004.09
56019,"Johnson, WY",4154.15
56021,"Laramie, WY",2685.91
56023,"Lincoln, WY",4076.13
56025,"Natrona, WY",5340.35
56027,"Niobrara, WY",2626.04
56029,"Park, WY",6942.08
56031,"Platte, WY",2084.21
56033,"Sheridan, WY",2523.99
56035,"Sublette, WY",4886.54
56037,"Sweetwater, WY",10426.65
56039,"Teton, WY",3995.38
56041,"Uinta, WY",2081.26
56043,"Washakie, WY",2238.55
56045,"Weston, WY",2398.09
